,publication_year,NoUS (t25%),t25% of stemmed_tokens,tokens,avg_euclidean_dist,avg_cosine_sim
0,2000,73.0,"[[('invers', 26), ('data', 19), ('magnet', 15), ('geophys', 14), ('model', 12), ('resist', 11), ('solar', 10), ('seismic', 9), ('field', 9), ('earth', 9), ('electr', 8), ('receiv', 8), ('experi', 7), ('anisotrop', 7), ('anisotropi', 7), ('appar', 7), ('veloc', 7), ('stress', 7), ('hawaiian', 6), ('reflect', 6), ('rotat', 6), ('differ', 6), ('applic', 6), ('network', 6), ('sensit', 5), ('structur', 5), ('depth', 5), ('migrat', 5), ('function', 5), ('dipol', 5), ('coeffici', 5), ('subsurfac', 5), ('bulk', 5), ('local', 5), ('neural', 5), ('analysi', 5), ('power', 5), ('homogen', 5), ('inform', 5), ('plume', 4), ('mantl', 4), ('expert', 4), ('user', 4), ('sedimentari', 4), ('surfac', 4), ('strong', 4), ('magnetotellur', 4), ('continent', 4), ('reassembl', 4), ('prestack', 4), ('well', 4), ('observ', 4), ('space', 4), ('mani', 4), ('method', 4), ('airborn', 4), ('geomagnet', 4), ('properti', 4), ('convect', 4), ('variat', 4), ('radar', 4), ('around', 4), ('gas', 4), ('dip', 4), ('synthet', 4), ('partit', 4), ('deep', 3), ('problem', 3), ('conduct', 3), ('fragment', 3), ('comput', 3), ('magnetoconvect', 3), ('small', 3)]]","['invers', 'data', 'magnet', 'geophys', 'model', 'resist', 'solar', 'seismic', 'field', 'earth', 'electr', 'receiv', 'experi', 'anisotrop', 'anisotropi', 'appar', 'veloc', 'stress', 'hawaiian', 'reflect', 'rotat', 'differ', 'applic', 'network', 'sensit', 'structur', 'depth', 'migrat', 'function', 'dipol', 'coeffici', 'subsurfac', 'bulk', 'local', 'neural', 'analysi', 'power', 'homogen', 'inform', 'plume', 'mantl', 'expert', 'user', 'sedimentari', 'surfac', 'strong', 'magnetotellur', 'continent', 'reassembl', 'prestack', 'well', 'observ', 'space', 'mani', 'method', 'airborn', 'geomagnet', 'properti', 'convect', 'variat', 'radar', 'around', 'gas', 'dip', 'synthet', 'partit', 'deep', 'problem', 'conduct', 'fragment', 'comput', 'magnetoconvect', 'small']",0.0,0.3495470948043308
1,2001,78.0,"[[('field', 18), ('data', 17), ('invers', 14), ('geophys', 11), ('explor', 10), ('geoelectr', 10), ('miner', 9), ('observ', 9), ('measur', 8), ('anisotropi', 7), ('magnet', 7), ('mantl', 7), ('veloc', 7), ('structur', 7), ('lithospher', 7), ('fault', 7), ('date', 7), ('line', 7), ('resist', 7), ('physic', 6), ('depth', 6), ('seismic', 6), ('core', 6), ('wave', 6), ('plate', 6), ('phase', 6), ('graviti', 6), ('height', 6), ('earth', 5), ('lower', 5), ('diffus', 5), ('variat', 5), ('wavelet', 5), ('transform', 5), ('ion', 5), ('zone', 5), ('tachoclin', 5), ('ductil', 5), ('plume', 5), ('properti', 5), ('requ', 5), ('diamond', 5), ('inner', 4), ('basalt', 4), ('descript', 4), ('motion', 4), ('model', 4), ('effect', 4), ('reson', 4), ('mechan', 4), ('element', 4), ('rang', 4), ('margin', 4), ('complex', 4), ('shear', 4), ('studi', 4), ('region', 4), ('subduct', 4), ('ocean', 4), ('deep', 4), ('iceland', 4), ('total', 4), ('electron', 4), ('fission', 4), ('tempor', 4), ('long', 4), ('litholog', 4), ('error', 4), ('earli', 4), ('interior', 4), ('seismoacoust', 4), ('arbitrari', 3), ('equat', 3), ('recent', 3), ('materi', 3), ('time', 3), ('differ', 3), ('sourc', 3)]]","['field', 'data', 'invers', 'geophys', 'explor', 'geoelectr', 'miner', 'observ', 'measur', 'anisotropi', 'magnet', 'mantl', 'veloc', 'structur', 'lithospher', 'fault', 'date', 'line', 'resist', 'physic', 'depth', 'seismic', 'core', 'wave', 'plate', 'phase', 'graviti', 'height', 'earth', 'lower', 'diffus', 'variat', 'wavelet', 'transform', 'ion', 'zone', 'tachoclin', 'ductil', 'plume', 'properti', 'requ', 'diamond', 'inner', 'basalt', 'descript', 'motion', 'model', 'effect', 'reson', 'mechan', 'element', 'rang', 'margin', 'complex', 'shear', 'studi', 'region', 'subduct', 'ocean', 'deep', 'iceland', 'total', 'electron', 'fission', 'tempor', 'long', 'litholog', 'error', 'earli', 'interior', 'seismoacoust', 'arbitrari', 'equat', 'recent', 'materi', 'time', 'differ', 'sourc']",0.6369739235259284,0.6195709111126485
2,2002,71.0,"[[('mantl', 23), ('model', 13), ('wave', 12), ('layer', 11), ('surfac', 11), ('boundari', 11), ('observ', 10), ('data', 10), ('circul', 10), ('class', 9), ('thermal', 8), ('magnet', 7), ('field', 7), ('larg', 7), ('solar', 7), ('cold', 7), ('tecton', 6), ('lower', 6), ('record', 6), ('invers', 6), ('offset', 6), ('pressur', 6), ('variat', 6), ('new', 5), ('numer', 5), ('dynamo', 5), ('measur', 5), ('flow', 5), ('convect', 5), ('state', 5), ('global', 5), ('geophys', 5), ('seismic', 5), ('basalt', 5), ('upper', 5), ('sampl', 5), ('tongu', 5), ('crust', 4), ('constraint', 4), ('realist', 4), ('jet', 4), ('blue', 4), ('top', 4), ('region', 4), ('anisotropi', 4), ('crack', 4), ('ice', 4), ('melt', 4), ('high', 4), ('techniqu', 4), ('southern', 4), ('p', 4), ('result', 4), ('shelf', 4), ('thick', 4), ('martian', 4), ('adjust', 4), ('atmospher', 4), ('continu', 4), ('plate', 3), ('simul', 3), ('stratospher', 3), ('split', 3), ('materi', 3), ('condit', 3), ('crustal', 3), ('fertil', 3), ('deform', 3), ('seismolog', 3), ('strong', 3), ('iter', 3)]]","['mantl', 'model', 'wave', 'layer', 'surfac', 'boundari', 'observ', 'data', 'circul', 'class', 'thermal', 'magnet', 'field', 'larg', 'solar', 'cold', 'tecton', 'lower', 'record', 'invers', 'offset', 'pressur', 'variat', 'new', 'numer', 'dynamo', 'measur', 'flow', 'convect', 'state', 'global', 'geophys', 'seismic', 'basalt', 'upper', 'sampl', 'tongu', 'crust', 'constraint', 'realist', 'jet', 'blue', 'top', 'region', 'anisotropi', 'crack', 'ice', 'melt', 'high', 'techniqu', 'southern', 'p', 'result', 'shelf', 'thick', 'martian', 'adjust', 'atmospher', 'continu', 'plate', 'simul', 'stratospher', 'split', 'materi', 'condit', 'crustal', 'fertil', 'deform', 'seismolog', 'strong', 'iter']",1.0,0.6993347330698398
3,2003,73.0,"[[('model', 28), ('magnet', 23), ('field', 17), ('continent', 16), ('mantl', 15), ('data', 14), ('densiti', 14), ('heat', 12), ('earth', 10), ('geophys', 10), ('rock', 10), ('global', 10), ('anisotrop', 9), ('measur', 9), ('invers', 8), ('electron', 8), ('loop', 7), ('structur', 7), ('interpret', 7), ('horizont', 7), ('zone', 7), ('current', 7), ('melt', 6), ('time', 6), ('qualiti', 6), ('process', 6), ('breakup', 6), ('enrich', 6), ('flux', 6), ('core', 6), ('electromagnet', 5), ('activ', 5), ('volcan', 5), ('rift', 5), ('seismic', 5), ('increas', 5), ('wave', 5), ('countri', 5), ('intrus', 5), ('age', 5), ('borehol', 5), ('product', 5), ('crust', 5), ('gem', 5), ('circuit', 5), ('terrestri', 5), ('spot', 5), ('span', 5), ('depth', 5), ('radioact', 5), ('featur', 5), ('shear', 5), ('gradient', 5), ('potenti', 5), ('energi', 5), ('function', 4), ('nois', 4), ('multipl', 4), ('high', 4), ('extent', 4), ('neoproterozo', 4), ('imag', 4), ('resist', 4), ('igneous', 4), ('fractur', 4), ('quantiti', 4), ('electr', 4), ('compon', 4), ('extra', 4), ('opposit', 4), ('new', 4), ('sheet', 4), ('temperatur', 4)]]","['model', 'magnet', 'field', 'continent', 'mantl', 'data', 'densiti', 'heat', 'earth', 'geophys', 'rock', 'global', 'anisotrop', 'measur', 'invers', 'electron', 'loop', 'structur', 'interpret', 'horizont', 'zone', 'current', 'melt', 'time', 'qualiti', 'process', 'breakup', 'enrich', 'flux', 'core', 'electromagnet', 'activ', 'volcan', 'rift', 'seismic', 'increas', 'wave', 'countri', 'intrus', 'age', 'borehol', 'product', 'crust', 'gem', 'circuit', 'terrestri', 'spot', 'span', 'depth', 'radioact', 'featur', 'shear', 'gradient', 'potenti', 'energi', 'function', 'nois', 'multipl', 'high', 'extent', 'neoproterozo', 'imag', 'resist', 'igneous', 'fractur', 'quantiti', 'electr', 'compon', 'extra', 'opposit', 'new', 'sheet', 'temperatur']",0.4602635140851028,0.6441799827471316
4,2004,90.0,"[[('field', 19), ('ocean', 17), ('wave', 16), ('flow', 16), ('magnet', 16), ('model', 15), ('current', 15), ('geomagnet', 15), ('data', 13), ('boundari', 12), ('mantl', 12), ('solar', 11), ('direct', 11), ('larg', 10), ('seismic', 10), ('activ', 10), ('anisotropi', 10), ('water', 9), ('region', 9), ('surfac', 9), ('electromagnet', 9), ('intern', 8), ('site', 8), ('characterist', 8), ('particl', 8), ('increas', 8), ('graviti', 8), ('nonlinear', 8), ('invers', 7), ('studi', 7), ('polar', 7), ('distribut', 7), ('earth', 7), ('chang', 6), ('propag', 6), ('space', 6), ('crustal', 6), ('crust', 6), ('impact', 6), ('local', 6), ('shear', 6), ('layer', 6), ('lower', 6), ('sensori', 6), ('solitari', 5), ('fluid', 5), ('wind', 5), ('f', 5), ('densiti', 5), ('subduct', 5), ('phenomena', 5), ('subsurfac', 5), ('contamin', 5), ('danger', 5), ('dynamo', 5), ('various', 5), ('weather', 5), ('mode', 5), ('process', 5), ('frequenc', 5), ('stress', 5), ('energi', 5), ('global', 5), ('tidal', 5), ('unstabl', 5), ('planet', 5), ('ice', 5), ('amplitud', 4), ('abund', 4), ('heavi', 4), ('near', 4), ('signatur', 4), ('constraint', 4), ('element', 4), ('format', 4), ('time', 4), ('circul', 4), ('cell', 4), ('meridion', 4), ('industri', 4), ('fluidanelast', 4), ('solid', 4), ('method', 4), ('conduct', 4), ('pressur', 4), ('centr', 4), ('deep', 4), ('motion', 4), ('fundament', 4), ('atmospher', 4)]]","['field', 'ocean', 'wave', 'flow', 'magnet', 'model', 'current', 'geomagnet', 'data', 'boundari', 'mantl', 'solar', 'direct', 'larg', 'seismic', 'activ', 'anisotropi', 'water', 'region', 'surfac', 'electromagnet', 'intern', 'site', 'characterist', 'particl', 'increas', 'graviti', 'nonlinear', 'invers', 'studi', 'polar', 'distribut', 'earth', 'chang', 'propag', 'space', 'crustal', 'crust', 'impact', 'local', 'shear', 'layer', 'lower', 'sensori', 'solitari', 'fluid', 'wind', 'f', 'densiti', 'subduct', 'phenomena', 'subsurfac', 'contamin', 'danger', 'dynamo', 'various', 'weather', 'mode', 'process', 'frequenc', 'stress', 'energi', 'global', 'tidal', 'unstabl', 'planet', 'ice', 'amplitud', 'abund', 'heavi', 'near', 'signatur', 'constraint', 'element', 'format', 'time', 'circul', 'cell', 'meridion', 'industri', 'fluidanelast', 'solid', 'method', 'conduct', 'pressur', 'centr', 'deep', 'motion', 'fundament', 'atmospher']",0.6932286820065984,1.0
5,2005,93.0,"[[('magnet', 23), ('model', 20), ('field', 19), ('mantl', 17), ('differ', 15), ('data', 13), ('sedimentari', 11), ('plate', 11), ('flow', 10), ('dipol', 9), ('structur', 9), ('seismic', 9), ('geomagnet', 9), ('invers', 9), ('depth', 9), ('transit', 9), ('fault', 8), ('method', 8), ('survey', 7), ('fluid', 7), ('zone', 7), ('resist', 7), ('scale', 7), ('plume', 7), ('veloc', 7), ('relat', 6), ('requir', 6), ('sourc', 6), ('tecton', 6), ('aeromagnet', 6), ('gradient', 6), ('region', 6), ('electr', 6), ('wave', 6), ('cent', 6), ('format', 6), ('time', 6), ('characterist', 5), ('conduct', 5), ('insight', 5), ('deeper', 5), ('crustal', 5), ('puls', 5), ('area', 5), ('graviti', 5), ('result', 5), ('present', 5), ('densiti', 5), ('distribut', 5), ('jet', 5), ('relax', 5), ('ocean', 5), ('entrain', 5), ('properti', 5), ('mutual', 4), ('lower', 4), ('archaeolog', 4), ('purpos', 4), ('geophys', 4), ('part', 4), ('p', 4), ('previous', 4), ('solar', 4), ('wind', 4), ('natur', 4), ('larg', 4), ('dynamo', 4), ('ionospher', 4), ('electron', 4), ('clay', 4), ('orient', 4), ('buoyanc', 4), ('width', 4), ('convect', 4), ('mountain', 4), ('sequenc', 4), ('shear', 4), ('regim', 4), ('ratio', 4), ('rippl', 4), ('margin', 4), ('host', 4), ('rock', 4), ('tibetan', 4), ('assumpt', 4), ('wellestablish', 4), ('main', 4), ('basement', 4), ('new', 3), ('inform', 3), ('geotechn', 3), ('physic', 3), ('paramet', 3)]]","['magnet', 'model', 'field', 'mantl', 'differ', 'data', 'sedimentari', 'plate', 'flow', 'dipol', 'structur', 'seismic', 'geomagnet', 'invers', 'depth', 'transit', 'fault', 'method', 'survey', 'fluid', 'zone', 'resist', 'scale', 'plume', 'veloc', 'relat', 'requir', 'sourc', 'tecton', 'aeromagnet', 'gradient', 'region', 'electr', 'wave', 'cent', 'format', 'time', 'characterist', 'conduct', 'insight', 'deeper', 'crustal', 'puls', 'area', 'graviti', 'result', 'present', 'densiti', 'distribut', 'jet', 'relax', 'ocean', 'entrain', 'properti', 'mutual', 'lower', 'archaeolog', 'purpos', 'geophys', 'part', 'p', 'previous', 'solar', 'wind', 'natur', 'larg', 'dynamo', 'ionospher', 'electron', 'clay', 'orient', 'buoyanc', 'width', 'convect', 'mountain', 'sequenc', 'shear', 'regim', 'ratio', 'rippl', 'margin', 'host', 'rock', 'tibetan', 'assumpt', 'wellestablish', 'main', 'basement', 'new', 'inform', 'geotechn', 'physic', 'paramet']",0.7339877125454699,0.691244092730061
6,2006,100.0,"[[('field', 36), ('magnet', 28), ('data', 23), ('wave', 20), ('geophys', 15), ('model', 15), ('water', 14), ('ice', 12), ('conduct', 11), ('resist', 11), ('graviti', 11), ('densiti', 10), ('energi', 10), ('oscil', 10), ('structur', 10), ('invers', 9), ('anomali', 9), ('plume', 9), ('larg', 9), ('vertic', 8), ('differ', 8), ('electr', 8), ('upper', 8), ('thermal', 7), ('speed', 7), ('particl', 7), ('local', 7), ('studi', 7), ('analysi', 7), ('subsurfac', 7), ('melt', 6), ('veloc', 6), ('addit', 6), ('primari', 6), ('techniqu', 6), ('interpret', 6), ('point', 6), ('explor', 6), ('intern', 6), ('properti', 6), ('geomagnet', 6), ('volcan', 6), ('hydrous', 5), ('seismic', 5), ('current', 5), ('filter', 5), ('suppress', 5), ('observ', 5), ('variat', 5), ('method', 5), ('low', 5), ('spectral', 5), ('chargeabl', 5), ('diffus', 5), ('phenomena', 5), ('first', 5), ('hand', 5), ('event', 5), ('entir', 5), ('arsenic', 5), ('element', 5), ('materi', 5), ('shock', 5), ('surfac', 5), ('south', 5), ('basalt', 4), ('temperatur', 4), ('reconnect', 4), ('problem', 4), ('multidomain', 4), ('titanomagnetit', 4), ('damp', 4), ('recent', 4), ('dimens', 4), ('stepwis', 4), ('lithospher', 4), ('region', 4), ('polar', 4), ('ion', 4), ('nonseism', 4), ('great', 4), ('paramet', 4), ('ultrason', 4), ('lower', 4), ('wealth', 4), ('space', 4), ('origin', 4), ('borehol', 4), ('maximum', 4), ('interfac', 4), ('error', 4), ('relat', 4), ('strain', 4), ('distribut', 4), ('inhomogen', 4), ('stochast', 4), ('crustal', 4), ('flow', 4), ('meaning', 4), ('sensit', 4)]]","['field', 'magnet', 'data', 'wave', 'geophys', 'model', 'water', 'ice', 'conduct', 'resist', 'graviti', 'densiti', 'energi', 'oscil', 'structur', 'invers', 'anomali', 'plume', 'larg', 'vertic', 'differ', 'electr', 'upper', 'thermal', 'speed', 'particl', 'local', 'studi', 'analysi', 'subsurfac', 'melt', 'veloc', 'addit', 'primari', 'techniqu', 'interpret', 'point', 'explor', 'intern', 'properti', 'geomagnet', 'volcan', 'hydrous', 'seismic', 'current', 'filter', 'suppress', 'observ', 'variat', 'method', 'low', 'spectral', 'chargeabl', 'diffus', 'phenomena', 'first', 'hand', 'event', 'entir', 'arsenic', 'element', 'materi', 'shock', 'surfac', 'south', 'basalt', 'temperatur', 'reconnect', 'problem', 'multidomain', 'titanomagnetit', 'damp', 'recent', 'dimens', 'stepwis', 'lithospher', 'region', 'polar', 'ion', 'nonseism', 'great', 'paramet', 'ultrason', 'lower', 'wealth', 'space', 'origin', 'borehol', 'maximum', 'interfac', 'error', 'relat', 'strain', 'distribut', 'inhomogen', 'stochast', 'crustal', 'flow', 'meaning', 'sensit']",0.2831132095423399,0.2847916257466696
7,2007,124.0,"[[('model', 45), ('data', 23), ('wave', 22), ('seismic', 21), ('field', 19), ('method', 18), ('geophys', 18), ('graviti', 17), ('solar', 15), ('mantl', 15), ('magnet', 14), ('invers', 14), ('layer', 14), ('structur', 13), ('earth', 12), ('techniqu', 12), ('atmospher', 12), ('water', 12), ('polar', 11), ('rock', 11), ('region', 10), ('recent', 10), ('veloc', 10), ('heat', 10), ('complex', 10), ('differ', 9), ('ice', 9), ('ratio', 9), ('electr', 9), ('transit', 8), ('zone', 8), ('general', 8), ('induc', 8), ('integr', 8), ('elast', 7), ('represent', 7), ('upper', 7), ('studi', 7), ('sourc', 7), ('electromagnet', 7), ('respons', 7), ('seafloor', 7), ('within', 7), ('relat', 7), ('horizont', 7), ('materi', 7), ('process', 7), ('physic', 7), ('fractur', 7), ('frequenc', 7), ('interact', 7), ('sever', 6), ('basement', 6), ('downward', 6), ('revis', 6), ('sound', 6), ('ocean', 6), ('attenu', 6), ('vsp', 6), ('densiti', 6), ('yield', 6), ('set', 6), ('comparison', 6), ('turbul', 6), ('local', 6), ('variat', 6), ('analysi', 6), ('synthet', 6), ('heterogen', 6), ('wavefield', 6), ('flux', 5), ('anomali', 5), ('depth', 5), ('particl', 5), ('solut', 5), ('temperatur', 5), ('flow', 5), ('high', 5), ('reservoir', 5), ('spin', 5), ('strong', 5), ('deep', 5), ('space', 5), ('crystal', 5), ('convect', 5), ('spectral', 5), ('similar', 5), ('conduct', 5), ('observ', 5), ('resist', 5), ('ground', 5), ('real', 5), ('anisotropi', 5), ('time', 5), ('lithospher', 5), ('resolut', 5), ('airborn', 5), ('permian', 5), ('core', 5), ('tradit', 5), ('regular', 5), ('trough', 5), ('edg', 4), ('topographi', 4), ('plasma', 4), ('partial', 4), ('swarm', 4), ('constant', 4), ('previous', 4), ('earli', 4), ('distribut', 4), ('intens', 4), ('develop', 4), ('tachoclin', 4), ('column', 4), ('compon', 4), ('subduct', 4), ('cold', 4), ('crust', 4), ('target', 4), ('chang', 4), ('later', 4), ('effect', 4), ('sequenc', 4)]]","['model', 'data', 'wave', 'seismic', 'field', 'method', 'geophys', 'graviti', 'solar', 'mantl', 'magnet', 'invers', 'layer', 'structur', 'earth', 'techniqu', 'atmospher', 'water', 'polar', 'rock', 'region', 'recent', 'veloc', 'heat', 'complex', 'differ', 'ice', 'ratio', 'electr', 'transit', 'zone', 'general', 'induc', 'integr', 'elast', 'represent', 'upper', 'studi', 'sourc', 'electromagnet', 'respons', 'seafloor', 'within', 'relat', 'horizont', 'materi', 'process', 'physic', 'fractur', 'frequenc', 'interact', 'sever', 'basement', 'downward', 'revis', 'sound', 'ocean', 'attenu', 'vsp', 'densiti', 'yield', 'set', 'comparison', 'turbul', 'local', 'variat', 'analysi', 'synthet', 'heterogen', 'wavefield', 'flux', 'anomali', 'depth', 'particl', 'solut', 'temperatur', 'flow', 'high', 'reservoir', 'spin', 'strong', 'deep', 'space', 'crystal', 'convect', 'spectral', 'similar', 'conduct', 'observ', 'resist', 'ground', 'real', 'anisotropi', 'time', 'lithospher', 'resolut', 'airborn', 'permian', 'core', 'tradit', 'regular', 'trough', 'edg', 'topographi', 'plasma', 'partial', 'swarm', 'constant', 'previous', 'earli', 'distribut', 'intens', 'develop', 'tachoclin', 'column', 'compon', 'subduct', 'cold', 'crust', 'target', 'chang', 'later', 'effect', 'sequenc']",0.48193997969714913,0.7765352637688511
8,2008,119.0,"[[('magnet', 36), ('invers', 21), ('wave', 20), ('data', 18), ('veloc', 17), ('field', 17), ('graviti', 17), ('seismic', 14), ('model', 13), ('waveform', 12), ('surfac', 12), ('plate', 11), ('rock', 11), ('flow', 10), ('inform', 10), ('heat', 10), ('subduct', 10), ('reconnect', 10), ('mantl', 9), ('full', 9), ('subsurfac', 9), ('planet', 9), ('differ', 9), ('effect', 8), ('process', 8), ('variat', 8), ('boundari', 8), ('recent', 8), ('sourc', 8), ('dynamo', 8), ('reservoir', 8), ('geolog', 8), ('elast', 8), ('transport', 7), ('structur', 7), ('anisotropi', 7), ('solar', 7), ('trigger', 7), ('total', 7), ('method', 7), ('complex', 7), ('miner', 7), ('isotop', 7), ('geophys', 7), ('shallow', 7), ('regim', 7), ('continent', 7), ('respons', 7), ('various', 6), ('current', 6), ('thick', 6), ('region', 6), ('propag', 6), ('terrestri', 6), ('laboratori', 6), ('chang', 6), ('substorm', 6), ('wander', 6), ('ocean', 6), ('imag', 6), ('shock', 6), ('estim', 6), ('result', 6), ('import', 6), ('resist', 5), ('anisotrop', 5), ('time', 5), ('layer', 5), ('presenc', 5), ('migrat', 5), ('deform', 5), ('lithospher', 5), ('soil', 5), ('distribut', 5), ('tomograph', 5), ('assemblag', 5), ('oil', 5), ('water', 5), ('period', 5), ('simul', 5), ('cue', 5), ('compass', 5), ('orient', 5), ('intens', 5), ('fractur', 5), ('earli', 5), ('archaean', 5), ('equilibrium', 5), ('relat', 5), ('compress', 5), ('melt', 5), ('deep', 5), ('implic', 5), ('lead', 5), ('composit', 5), ('oscil', 5), ('singl', 4), ('grain', 4), ('crustal', 4), ('set', 4), ('yield', 4), ('split', 4), ('strong', 4), ('outer', 4), ('generat', 4), ('signatur', 4), ('overburden', 4), ('volum', 4), ('properti', 4), ('phase', 4), ('polar', 4), ('rotat', 4), ('paramet', 4), ('depth', 4), ('perturb', 4), ('larg', 4), ('wind', 4), ('termin', 4), ('magnetohydrodynam', 4)]]","['magnet', 'invers', 'wave', 'data', 'veloc', 'field', 'graviti', 'seismic', 'model', 'waveform', 'surfac', 'plate', 'rock', 'flow', 'inform', 'heat', 'subduct', 'reconnect', 'mantl', 'full', 'subsurfac', 'planet', 'differ', 'effect', 'process', 'variat', 'boundari', 'recent', 'sourc', 'dynamo', 'reservoir', 'geolog', 'elast', 'transport', 'structur', 'anisotropi', 'solar', 'trigger', 'total', 'method', 'complex', 'miner', 'isotop', 'geophys', 'shallow', 'regim', 'continent', 'respons', 'various', 'current', 'thick', 'region', 'propag', 'terrestri', 'laboratori', 'chang', 'substorm', 'wander', 'ocean', 'imag', 'shock', 'estim', 'result', 'import', 'resist', 'anisotrop', 'time', 'layer', 'presenc', 'migrat', 'deform', 'lithospher', 'soil', 'distribut', 'tomograph', 'assemblag', 'oil', 'water', 'period', 'simul', 'cue', 'compass', 'orient', 'intens', 'fractur', 'earli', 'archaean', 'equilibrium', 'relat', 'compress', 'melt', 'deep', 'implic', 'lead', 'composit', 'oscil', 'singl', 'grain', 'crustal', 'set', 'yield', 'split', 'strong', 'outer', 'generat', 'signatur', 'overburden', 'volum', 'properti', 'phase', 'polar', 'rotat', 'paramet', 'depth', 'perturb', 'larg', 'wind', 'termin', 'magnetohydrodynam']",0.20548758565265207,0.5337503495745178
9,2009,98.0,"[[('invers', 34), ('magnet', 32), ('anomali', 25), ('graviti', 23), ('field', 19), ('structur', 16), ('explor', 16), ('veloc', 13), ('data', 13), ('featur', 12), ('seismic', 12), ('wave', 12), ('model', 11), ('geophys', 11), ('observ', 10), ('depth', 10), ('waveform', 9), ('electr', 9), ('polar', 9), ('properti', 9), ('teleseism', 9), ('resist', 8), ('ice', 8), ('mantl', 8), ('imag', 8), ('electromagnet', 8), ('global', 8), ('ocean', 8), ('conduct', 8), ('flow', 7), ('subsurfac', 7), ('larg', 7), ('case', 7), ('method', 7), ('magma', 7), ('amplitud', 6), ('estim', 6), ('joint', 6), ('correl', 6), ('melt', 6), ('similar', 6), ('solut', 6), ('linear', 6), ('sourc', 6), ('host', 6), ('topographi', 6), ('shear', 6), ('terrestri', 6), ('bodi', 6), ('quantiti', 6), ('ring', 6), ('new', 6), ('prospect', 5), ('intens', 5), ('surfac', 5), ('marin', 5), ('dipol', 5), ('stratigraph', 5), ('clastic', 5), ('materi', 5), ('valu', 5), ('algebra', 5), ('differ', 5), ('sounder', 5), ('respons', 5), ('posit', 5), ('earthquak', 5), ('configur', 4), ('thin', 4), ('layer', 4), ('resolut', 4), ('small', 4), ('hawaiian', 4), ('promin', 4), ('target', 4), ('induc', 4), ('scale', 4), ('studi', 4), ('reflect', 4), ('transfer', 4), ('start', 4), ('basin', 4), ('lower', 4), ('equat', 4), ('fast', 4), ('chang', 4), ('process', 4), ('opposit', 4), ('equatori', 4), ('region', 4), ('futur', 4), ('variabl', 4), ('tomographi', 4), ('radar', 4), ('natur', 4), ('water', 4), ('hydraul', 4), ('prestack', 4)]]","['invers', 'magnet', 'anomali', 'graviti', 'field', 'structur', 'explor', 'veloc', 'data', 'featur', 'seismic', 'wave', 'model', 'geophys', 'observ', 'depth', 'waveform', 'electr', 'polar', 'properti', 'teleseism', 'resist', 'ice', 'mantl', 'imag', 'electromagnet', 'global', 'ocean', 'conduct', 'flow', 'subsurfac', 'larg', 'case', 'method', 'magma', 'amplitud', 'estim', 'joint', 'correl', 'melt', 'similar', 'solut', 'linear', 'sourc', 'host', 'topographi', 'shear', 'terrestri', 'bodi', 'quantiti', 'ring', 'new', 'prospect', 'intens', 'surfac', 'marin', 'dipol', 'stratigraph', 'clastic', 'materi', 'valu', 'algebra', 'differ', 'sounder', 'respons', 'posit', 'earthquak', 'configur', 'thin', 'layer', 'resolut', 'small', 'hawaiian', 'promin', 'target', 'induc', 'scale', 'studi', 'reflect', 'transfer', 'start', 'basin', 'lower', 'equat', 'fast', 'chang', 'process', 'opposit', 'equatori', 'region', 'futur', 'variabl', 'tomographi', 'radar', 'natur', 'water', 'hydraul', 'prestack']",0.21548039505963962,0.0
10,2010,114.0,"[[('data', 35), ('frequenc', 29), ('invers', 22), ('mantl', 19), ('field', 18), ('graviti', 17), ('plate', 16), ('geophys', 15), ('anomali', 15), ('magnet', 13), ('region', 13), ('model', 12), ('conduct', 11), ('microtremor', 10), ('wave', 10), ('seismic', 10), ('differ', 10), ('resist', 9), ('profil', 9), ('crustal', 9), ('core', 9), ('measur', 9), ('process', 8), ('event', 8), ('sea', 8), ('solar', 7), ('time', 7), ('propag', 7), ('electr', 7), ('ocean', 7), ('melt', 7), ('low', 7), ('rock', 7), ('sedimentari', 7), ('elast', 7), ('radial', 7), ('structur', 7), ('band', 7), ('anomal', 7), ('tecton', 6), ('method', 6), ('chang', 6), ('oil', 6), ('trough', 6), ('respons', 6), ('relat', 6), ('line', 6), ('research', 6), ('techniqu', 6), ('type', 6), ('direct', 6), ('wind', 5), ('thick', 5), ('silic', 5), ('continent', 5), ('align', 5), ('polar', 5), ('electromagnet', 5), ('gas', 5), ('earthquak', 5), ('construct', 5), ('migrat', 5), ('jet', 5), ('linear', 5), ('geomagnet', 5), ('boundari', 5), ('volum', 5), ('problem', 5), ('anisotropi', 5), ('compon', 5), ('basement', 5), ('inner', 5), ('convect', 5), ('variat', 5), ('function', 5), ('waveform', 5), ('atmospher', 5), ('mass', 5), ('global', 5), ('topic', 5), ('futur', 5), ('various', 5), ('predict', 5), ('stress', 5), ('converg', 5), ('phase', 4), ('interplanetari', 4), ('new', 4), ('unit', 4), ('longitudin', 4), ('zone', 4), ('hydrous', 4), ('water', 4), ('miner', 4), ('compris', 4), ('geolog', 4), ('scale', 4), ('regim', 4), ('observ', 4), ('comput', 4), ('background', 4), ('properti', 4), ('increas', 4), ('prepar', 4), ('ionospher', 4), ('extracellular', 4), ('polymer', 4), ('exit', 4), ('flowlin', 4), ('locat', 4), ('onshor', 4), ('tool', 4), ('multilay', 4), ('nois', 4)]]","['data', 'frequenc', 'invers', 'mantl', 'field', 'graviti', 'plate', 'geophys', 'anomali', 'magnet', 'region', 'model', 'conduct', 'microtremor', 'wave', 'seismic', 'differ', 'resist', 'profil', 'crustal', 'core', 'measur', 'process', 'event', 'sea', 'solar', 'time', 'propag', 'electr', 'ocean', 'melt', 'low', 'rock', 'sedimentari', 'elast', 'radial', 'structur', 'band', 'anomal', 'tecton', 'method', 'chang', 'oil', 'trough', 'respons', 'relat', 'line', 'research', 'techniqu', 'type', 'direct', 'wind', 'thick', 'silic', 'continent', 'align', 'polar', 'electromagnet', 'gas', 'earthquak', 'construct', 'migrat', 'jet', 'linear', 'geomagnet', 'boundari', 'volum', 'problem', 'anisotropi', 'compon', 'basement', 'inner', 'convect', 'variat', 'function', 'waveform', 'atmospher', 'mass', 'global', 'topic', 'futur', 'various', 'predict', 'stress', 'converg', 'phase', 'interplanetari', 'new', 'unit', 'longitudin', 'zone', 'hydrous', 'water', 'miner', 'compris', 'geolog', 'scale', 'regim', 'observ', 'comput', 'background', 'properti', 'increas', 'prepar', 'ionospher', 'extracellular', 'polymer', 'exit', 'flowlin', 'locat', 'onshor', 'tool', 'multilay', 'nois']",0.4682635775315117,0.5558924586980056
11,2011,94.0,"[[('field', 42), ('model', 27), ('magnet', 24), ('invers', 19), ('flow', 16), ('data', 14), ('graviti', 14), ('seismic', 13), ('geophys', 11), ('potenti', 10), ('circul', 10), ('global', 10), ('geomagnet', 10), ('densiti', 10), ('core', 9), ('zone', 9), ('atmospher', 8), ('solar', 8), ('continent', 8), ('observ', 7), ('salt', 7), ('phase', 7), ('anomali', 7), ('coron', 7), ('heat', 7), ('imag', 7), ('condit', 7), ('sunspot', 7), ('surfac', 6), ('structur', 6), ('polar', 6), ('direct', 6), ('region', 6), ('kinet', 6), ('measur', 6), ('techniqu', 6), ('convect', 6), ('martian', 6), ('type', 6), ('method', 5), ('mantl', 5), ('interpret', 5), ('lunar', 5), ('respect', 5), ('wind', 5), ('e', 5), ('bodi', 5), ('exospher', 5), ('generat', 5), ('wave', 5), ('passiv', 5), ('differ', 5), ('local', 5), ('eventdatabas', 5), ('tsunami', 5), ('electromagnet', 5), ('intern', 5), ('hint', 5), ('obliqu', 5), ('anisotropi', 5), ('anniversari', 5), ('first', 5), ('ionospher', 5), ('earth', 5), ('gold', 5), ('constrain', 5), ('precipit', 4), ('chang', 4), ('initi', 4), ('new', 4), ('r', 4), ('lower', 4), ('tradeoff', 4), ('sedimentari', 4), ('sourc', 4), ('improv', 4), ('drift', 4), ('margin', 4), ('plume', 4), ('joint', 4), ('histor', 4), ('survey', 4), ('airborn', 4), ('transient', 4), ('magma', 4), ('hydrodynam', 4), ('heterogen', 4), ('frozen', 4), ('explor', 4), ('stratifi', 4), ('understand', 4), ('vortic', 3), ('weather', 3), ('layer', 3)]]","['field', 'model', 'magnet', 'invers', 'flow', 'data', 'graviti', 'seismic', 'geophys', 'potenti', 'circul', 'global', 'geomagnet', 'densiti', 'core', 'zone', 'atmospher', 'solar', 'continent', 'observ', 'salt', 'phase', 'anomali', 'coron', 'heat', 'imag', 'condit', 'sunspot', 'surfac', 'structur', 'polar', 'direct', 'region', 'kinet', 'measur', 'techniqu', 'convect', 'martian', 'type', 'method', 'mantl', 'interpret', 'lunar', 'respect', 'wind', 'e', 'bodi', 'exospher', 'generat', 'wave', 'passiv', 'differ', 'local', 'eventdatabas', 'tsunami', 'electromagnet', 'intern', 'hint', 'obliqu', 'anisotropi', 'anniversari', 'first', 'ionospher', 'earth', 'gold', 'constrain', 'precipit', 'chang', 'initi', 'new', 'r', 'lower', 'tradeoff', 'sedimentari', 'sourc', 'improv', 'drift', 'margin', 'plume', 'joint', 'histor', 'survey', 'airborn', 'transient', 'magma', 'hydrodynam', 'heterogen', 'frozen', 'explor', 'stratifi', 'understand', 'vortic', 'weather', 'layer']",0.45575564673039504,0.24260381058149016
12,2012,138.0,"[[('magnet', 36), ('wave', 29), ('field', 29), ('seismic', 28), ('solar', 24), ('model', 23), ('invers', 21), ('numer', 18), ('data', 17), ('simul', 17), ('differ', 16), ('veloc', 15), ('recent', 14), ('surfac', 13), ('densiti', 13), ('electr', 13), ('bodi', 12), ('result', 12), ('studi', 12), ('resist', 12), ('storm', 12), ('boundari', 12), ('core', 12), ('motion', 12), ('wind', 11), ('sourc', 11), ('activ', 10), ('area', 10), ('time', 10), ('advanc', 10), ('geophys', 10), ('compon', 10), ('magma', 10), ('empir', 9), ('graviti', 9), ('electromagnet', 9), ('growth', 9), ('observ', 8), ('ion', 8), ('region', 8), ('marin', 8), ('new', 8), ('potenti', 8), ('method', 8), ('current', 8), ('convect', 8), ('structur', 7), ('analyt', 7), ('rang', 7), ('paper', 7), ('crustal', 7), ('thick', 7), ('ocean', 7), ('characterist', 7), ('geotherm', 7), ('amplitud', 7), ('rate', 7), ('set', 7), ('relationship', 7), ('mean', 6), ('correl', 6), ('orthogon', 6), ('function', 6), ('signal', 6), ('ionospher', 6), ('energi', 6), ('aquif', 6), ('summar', 6), ('mantl', 6), ('geomagnet', 6), ('vibrat', 6), ('crust', 6), ('transvers', 6), ('linear', 6), ('understand', 6), ('conjug', 6), ('calcul', 6), ('vs', 6), ('size', 6), ('de', 6), ('state', 5), ('agreement', 5), ('polynomi', 5), ('dynam', 5), ('flare', 5), ('flux', 5), ('distribut', 5), ('sub', 5), ('deep', 5), ('period', 5), ('continu', 5), ('volcan', 5), ('system', 5), ('zone', 5), ('compression', 5), ('gradient', 5), ('research', 5), ('larg', 5), ('various', 5), ('himalayan', 5), ('solut', 5), ('layer', 5), ('mass', 5), ('inject', 5), ('intern', 5), ('chang', 5), ('applic', 5), ('sea', 5), ('pass', 5), ('nois', 4), ('p', 4), ('tool', 4), ('analysi', 4), ('deriv', 4), ('paramet', 4), ('shear', 4), ('joint', 4), ('consequ', 4), ('pressur', 4), ('planet', 4), ('transit', 4), ('tomographi', 4), ('eastern', 4), ('collis', 4), ('rapid', 4), ('downward', 4), ('measur', 4), ('height', 4), ('variat', 4), ('much', 4), ('denser', 4), ('sound', 4), ('electron', 4), ('enhanc', 4), ('proterozo', 4), ('evolut', 4), ('atmospher', 4), ('fluid', 4)]]","['magnet', 'wave', 'field', 'seismic', 'solar', 'model', 'invers', 'numer', 'data', 'simul', 'differ', 'veloc', 'recent', 'surfac', 'densiti', 'electr', 'bodi', 'result', 'studi', 'resist', 'storm', 'boundari', 'core', 'motion', 'wind', 'sourc', 'activ', 'area', 'time', 'advanc', 'geophys', 'compon', 'magma', 'empir', 'graviti', 'electromagnet', 'growth', 'observ', 'ion', 'region', 'marin', 'new', 'potenti', 'method', 'current', 'convect', 'structur', 'analyt', 'rang', 'paper', 'crustal', 'thick', 'ocean', 'characterist', 'geotherm', 'amplitud', 'rate', 'set', 'relationship', 'mean', 'correl', 'orthogon', 'function', 'signal', 'ionospher', 'energi', 'aquif', 'summar', 'mantl', 'geomagnet', 'vibrat', 'crust', 'transvers', 'linear', 'understand', 'conjug', 'calcul', 'vs', 'size', 'de', 'state', 'agreement', 'polynomi', 'dynam', 'flare', 'flux', 'distribut', 'sub', 'deep', 'period', 'continu', 'volcan', 'system', 'zone', 'compression', 'gradient', 'research', 'larg', 'various', 'himalayan', 'solut', 'layer', 'mass', 'inject', 'intern', 'chang', 'applic', 'sea', 'pass', 'nois', 'p', 'tool', 'analysi', 'deriv', 'paramet', 'shear', 'joint', 'consequ', 'pressur', 'planet', 'transit', 'tomographi', 'eastern', 'collis', 'rapid', 'downward', 'measur', 'height', 'variat', 'much', 'denser', 'sound', 'electron', 'enhanc', 'proterozo', 'evolut', 'atmospher', 'fluid']",0.608884083410879,0.4926374630014785
13,2013,330.0,"[[('field', 197), ('magnet', 195), ('wave', 172), ('wind', 127), ('model', 109), ('solar', 108), ('densiti', 79), ('flow', 71), ('plasma', 68), ('seismic', 65), ('veloc', 62), ('observ', 60), ('data', 60), ('graviti', 60), ('electron', 59), ('electr', 58), ('mantl', 57), ('convect', 57), ('time', 56), ('geomagnet', 53), ('plate', 51), ('ionospher', 51), ('region', 50), ('structur', 48), ('flux', 48), ('distribut', 42), ('differ', 42), ('boundari', 41), ('variat', 41), ('layer', 41), ('current', 39), ('invers', 39), ('geophys', 37), ('shear', 36), ('global', 36), ('anomali', 36), ('polar', 35), ('ion', 34), ('sourc', 34), ('energi', 33), ('effect', 32), ('heat', 32), ('upper', 31), ('pressur', 31), ('imag', 30), ('local', 30), ('chang', 30), ('surfac', 29), ('event', 28), ('frequenc', 28), ('storm', 28), ('ocean', 27), ('properti', 27), ('high', 27), ('diffus', 27), ('dynam', 26), ('phase', 26), ('radiat', 26), ('simul', 25), ('interplanetari', 25), ('compon', 24), ('space', 24), ('measur', 23), ('variabl', 23), ('studi', 23), ('belt', 23), ('parallel', 23), ('larg', 22), ('tecton', 22), ('substorm', 22), ('anisotropi', 22), ('increas', 22), ('rang', 21), ('p', 21), ('transport', 21), ('motion', 21), ('neutral', 21), ('lower', 21), ('magnetospher', 21), ('evolut', 21), ('posit', 21), ('period', 21), ('sheet', 21), ('low', 20), ('atmospher', 19), ('auror', 19), ('method', 19), ('martian', 19), ('peak', 19), ('electromagnet', 19), ('activ', 19), ('magma', 19), ('reconnect', 19), ('crust', 19), ('zone', 19), ('recent', 19), ('system', 18), ('thermal', 18), ('earthquak', 18), ('due', 18), ('cap', 18), ('particl', 18), ('energet', 17), ('problem', 17), ('shallow', 17), ('temperatur', 17), ('numer', 16), ('analysi', 16), ('depend', 16), ('satellit', 16), ('mode', 16), ('depth', 16), ('plume', 16), ('potenti', 16), ('signatur', 15), ('respons', 15), ('function', 15), ('deep', 15), ('scale', 15), ('perturb', 15), ('water', 15), ('crustal', 15), ('fluctuat', 15), ('intens', 15), ('direct', 15), ('fluid', 14), ('split', 14), ('process', 14), ('later', 14), ('gradient', 14), ('front', 14), ('hot', 14), ('conduct', 14), ('outer', 14), ('mass', 14), ('shock', 14), ('lava', 14), ('approach', 14), ('natur', 14), ('subduct', 13), ('proton', 13), ('pattern', 13), ('radial', 13), ('speed', 13), ('detect', 13), ('number', 13), ('amplitud', 13), ('relat', 13), ('map', 13), ('valu', 13), ('strong', 13), ('within', 13), ('equatori', 13), ('weather', 13), ('amount', 12), ('signific', 12), ('lithospher', 12), ('radar', 12), ('previous', 12), ('typic', 12), ('rate', 12), ('long', 12), ('power', 12), ('characterist', 12), ('daysid', 12), ('laboratori', 12), ('refer', 12), ('bodi', 12), ('mechan', 11), ('new', 11), ('paramet', 11), ('experi', 11), ('physic', 11), ('various', 11), ('reman', 11), ('dipolar', 11), ('condit', 11), ('ionize', 11), ('zonal', 11), ('plasmaspher', 11), ('angl', 11), ('spectral', 11), ('penetr', 11), ('arriv', 11), ('ground', 11), ('origin', 11), ('vertic', 11), ('bow', 11), ('enhanc', 11), ('magnetosheath', 11), ('groundwat', 11), ('continent', 11), ('assess', 11), ('nois', 11), ('open', 11), ('set', 11), ('lunar', 11), ('propag', 11), ('latitud', 11), ('instabl', 10), ('area', 10), ('fast', 10), ('inform', 10), ('impact', 10), ('main', 10), ('momentum', 10), ('small', 10), ('viscos', 10), ('magnetopaus', 10), ('grid', 10), ('term', 10), ('locat', 10), ('result', 10), ('resolut', 10), ('site', 10), ('discontinu', 10), ('orbit', 10), ('statist', 10), ('core', 10), ('sever', 10), ('deform', 9), ('subsurfac', 9), ('drift', 9), ('full', 9), ('tide', 9), ('planetari', 9), ('asymmetri', 9), ('ancient', 9), ('implic', 9), ('generat', 9), ('total', 9), ('ice', 9), ('height', 9), ('volum', 9), ('transit', 9), ('occurr', 9), ('survey', 9), ('climat', 9), ('tail', 9), ('element', 9), ('revers', 9), ('cycl', 9), ('absolut', 9), ('format', 8), ('fundament', 8), ('rock', 8), ('mani', 8), ('initi', 8), ('seri', 8), ('profil', 8), ('semidiurn', 8), ('avail', 8), ('cloud', 8), ('turbul', 8), ('teleseism', 8), ('coverag', 8), ('stress', 8), ('via', 8), ('line', 8), ('regim', 8), ('strength', 8), ('explos', 8), ('horizont', 8), ('gravimetr', 8), ('basalt', 8), ('nuclear', 8), ('station', 8), ('intern', 8), ('domain', 8), ('earthmass', 8), ('estim', 8), ('azimuth', 8), ('techniqu', 8), ('marin', 8), ('loss', 8), ('normal', 8), ('magnetotail', 8), ('buoyanc', 8), ('hydrogen', 7), ('content', 7), ('coupl', 7), ('spheric', 7), ('interact', 7), ('consist', 7), ('spatial', 7), ('minimum', 7), ('character', 7), ('band', 7), ('silic', 7), ('ring', 7), ('rope', 7), ('volcano', 7), ('volcan', 7), ('conjug', 7), ('higher', 7), ('underground', 7), ('negat', 7), ('elev', 7), ('erupt', 7), ('multipl', 7), ('exoplanet', 7), ('dynamo', 7), ('ratio', 7), ('reflect', 7), ('postseism', 7), ('outflow', 7), ('geospac', 7), ('precipit', 7), ('observatori', 7), ('asymmetr', 7), ('driver', 7), ('disturb', 7), ('background', 7), ('indic', 7), ('curv', 7), ('hazard', 7), ('predict', 7), ('width', 7), ('radio', 7), ('artifici', 6), ('perceptu', 6), ('understand', 6), ('comput', 6), ('resist', 6), ('relationship', 6), ('anomal', 6), ('hybrid', 6), ('featur', 6), ('along', 6), ('triclin', 6)]]","['field', 'magnet', 'wave', 'wind', 'model', 'solar', 'densiti', 'flow', 'plasma', 'seismic', 'veloc', 'observ', 'data', 'graviti', 'electron', 'electr', 'mantl', 'convect', 'time', 'geomagnet', 'plate', 'ionospher', 'region', 'structur', 'flux', 'distribut', 'differ', 'boundari', 'variat', 'layer', 'current', 'invers', 'geophys', 'shear', 'global', 'anomali', 'polar', 'ion', 'sourc', 'energi', 'effect', 'heat', 'upper', 'pressur', 'imag', 'local', 'chang', 'surfac', 'event', 'frequenc', 'storm', 'ocean', 'properti', 'high', 'diffus', 'dynam', 'phase', 'radiat', 'simul', 'interplanetari', 'compon', 'space', 'measur', 'variabl', 'studi', 'belt', 'parallel', 'larg', 'tecton', 'substorm', 'anisotropi', 'increas', 'rang', 'p', 'transport', 'motion', 'neutral', 'lower', 'magnetospher', 'evolut', 'posit', 'period', 'sheet', 'low', 'atmospher', 'auror', 'method', 'martian', 'peak', 'electromagnet', 'activ', 'magma', 'reconnect', 'crust', 'zone', 'recent', 'system', 'thermal', 'earthquak', 'due', 'cap', 'particl', 'energet', 'problem', 'shallow', 'temperatur', 'numer', 'analysi', 'depend', 'satellit', 'mode', 'depth', 'plume', 'potenti', 'signatur', 'respons', 'function', 'deep', 'scale', 'perturb', 'water', 'crustal', 'fluctuat', 'intens', 'direct', 'fluid', 'split', 'process', 'later', 'gradient', 'front', 'hot', 'conduct', 'outer', 'mass', 'shock', 'lava', 'approach', 'natur', 'subduct', 'proton', 'pattern', 'radial', 'speed', 'detect', 'number', 'amplitud', 'relat', 'map', 'valu', 'strong', 'within', 'equatori', 'weather', 'amount', 'signific', 'lithospher', 'radar', 'previous', 'typic', 'rate', 'long', 'power', 'characterist', 'daysid', 'laboratori', 'refer', 'bodi', 'mechan', 'new', 'paramet', 'experi', 'physic', 'various', 'reman', 'dipolar', 'condit', 'ionize', 'zonal', 'plasmaspher', 'angl', 'spectral', 'penetr', 'arriv', 'ground', 'origin', 'vertic', 'bow', 'enhanc', 'magnetosheath', 'groundwat', 'continent', 'assess', 'nois', 'open', 'set', 'lunar', 'propag', 'latitud', 'instabl', 'area', 'fast', 'inform', 'impact', 'main', 'momentum', 'small', 'viscos', 'magnetopaus', 'grid', 'term', 'locat', 'result', 'resolut', 'site', 'discontinu', 'orbit', 'statist', 'core', 'sever', 'deform', 'subsurfac', 'drift', 'full', 'tide', 'planetari', 'asymmetri', 'ancient', 'implic', 'generat', 'total', 'ice', 'height', 'volum', 'transit', 'occurr', 'survey', 'climat', 'tail', 'element', 'revers', 'cycl', 'absolut', 'format', 'fundament', 'rock', 'mani', 'initi', 'seri', 'profil', 'semidiurn', 'avail', 'cloud', 'turbul', 'teleseism', 'coverag', 'stress', 'via', 'line', 'regim', 'strength', 'explos', 'horizont', 'gravimetr', 'basalt', 'nuclear', 'station', 'intern', 'domain', 'earthmass', 'estim', 'azimuth', 'techniqu', 'marin', 'loss', 'normal', 'magnetotail', 'buoyanc', 'hydrogen', 'content', 'coupl', 'spheric', 'interact', 'consist', 'spatial', 'minimum', 'character', 'band', 'silic', 'ring', 'rope', 'volcano', 'volcan', 'conjug', 'higher', 'underground', 'negat', 'elev', 'erupt', 'multipl', 'exoplanet', 'dynamo', 'ratio', 'reflect', 'postseism', 'outflow', 'geospac', 'precipit', 'observatori', 'asymmetr', 'driver', 'disturb', 'background', 'indic', 'curv', 'hazard', 'predict', 'width', 'radio', 'artifici', 'perceptu', 'understand', 'comput', 'resist', 'relationship', 'anomal', 'hybrid', 'featur', 'along', 'triclin']",0.6045871753658743,0.43440047117564085
14,2014,174.0,"[[('mantl', 36), ('model', 35), ('solar', 33), ('magnet', 32), ('field', 30), ('region', 27), ('wave', 23), ('data', 20), ('seismic', 19), ('structur', 19), ('plate', 19), ('polar', 19), ('global', 17), ('sourc', 16), ('wander', 16), ('rock', 15), ('flow', 15), ('electr', 15), ('wind', 15), ('graviti', 14), ('conduct', 13), ('dynam', 13), ('flux', 13), ('zone', 13), ('invers', 13), ('depth', 12), ('type', 12), ('densiti', 12), ('system', 12), ('variabl', 12), ('subsurfac', 12), ('area', 11), ('surfac', 11), ('mass', 11), ('magma', 11), ('veloc', 11), ('tensor', 11), ('method', 11), ('geophys', 11), ('estim', 10), ('various', 10), ('paramet', 10), ('volcan', 10), ('appar', 10), ('amplitud', 10), ('measur', 10), ('distribut', 10), ('larg', 10), ('heat', 10), ('electromagnet', 10), ('geomagnet', 9), ('resist', 9), ('complex', 9), ('lunar', 9), ('differ', 9), ('characterist', 9), ('imag', 9), ('continent', 9), ('analysi', 9), ('imped', 9), ('nois', 9), ('amount', 9), ('iron', 8), ('rapid', 8), ('space', 8), ('chang', 8), ('time', 8), ('physic', 8), ('activ', 8), ('boundari', 8), ('soil', 8), ('evolut', 8), ('geotherm', 8), ('miner', 8), ('transit', 8), ('low', 8), ('effect', 8), ('fluid', 8), ('composit', 8), ('studi', 7), ('local', 7), ('frequenc', 7), ('ruptur', 7), ('materi', 7), ('element', 7), ('circul', 7), ('ocean', 7), ('pressur', 7), ('along', 7), ('level', 7), ('differenti', 7), ('slab', 7), ('process', 7), ('true', 7), ('crustal', 7), ('observ', 6), ('deform', 6), ('near', 6), ('erupt', 6), ('upper', 6), ('explor', 6), ('transvers', 6), ('phase', 6), ('ancient', 6), ('pattern', 6), ('increas', 6), ('set', 6), ('determin', 6), ('radar', 6), ('featur', 6), ('techniqu', 6), ('domain', 6), ('investig', 6), ('energi', 6), ('hard', 6), ('anisotropi', 6), ('motion', 6), ('tecton', 6), ('phenomena', 6), ('plasma', 6), ('origin', 6), ('variat', 6), ('conceptu', 6), ('p', 6), ('deposit', 5), ('temperatur', 5), ('due', 5), ('wavelet', 5), ('weather', 5), ('grain', 5), ('respons', 5), ('perform', 5), ('indic', 5), ('evid', 5), ('new', 5), ('geolog', 5), ('approach', 5), ('water', 5), ('condit', 5), ('event', 5), ('equatori', 5), ('later', 5), ('potenti', 5), ('topographi', 5), ('power', 5), ('handl', 5), ('reconnect', 5), ('sea', 5), ('result', 5), ('high', 5), ('numer', 5), ('impact', 5), ('content', 5), ('debri', 5), ('constraint', 5), ('array', 5), ('shape', 5), ('hydrostat', 5), ('first', 5), ('hot', 5), ('resolut', 5), ('limit', 5), ('seawat', 5), ('shear', 5), ('suitabl', 4), ('absolut', 4), ('deep', 4), ('ray', 4), ('state', 4), ('input', 4), ('layer', 4), ('buoyanc', 4), ('patch', 4), ('beneath', 4)]]","['mantl', 'model', 'solar', 'magnet', 'field', 'region', 'wave', 'data', 'seismic', 'structur', 'plate', 'polar', 'global', 'sourc', 'wander', 'rock', 'flow', 'electr', 'wind', 'graviti', 'conduct', 'dynam', 'flux', 'zone', 'invers', 'depth', 'type', 'densiti', 'system', 'variabl', 'subsurfac', 'area', 'surfac', 'mass', 'magma', 'veloc', 'tensor', 'method', 'geophys', 'estim', 'various', 'paramet', 'volcan', 'appar', 'amplitud', 'measur', 'distribut', 'larg', 'heat', 'electromagnet', 'geomagnet', 'resist', 'complex', 'lunar', 'differ', 'characterist', 'imag', 'continent', 'analysi', 'imped', 'nois', 'amount', 'iron', 'rapid', 'space', 'chang', 'time', 'physic', 'activ', 'boundari', 'soil', 'evolut', 'geotherm', 'miner', 'transit', 'low', 'effect', 'fluid', 'composit', 'studi', 'local', 'frequenc', 'ruptur', 'materi', 'element', 'circul', 'ocean', 'pressur', 'along', 'level', 'differenti', 'slab', 'process', 'true', 'crustal', 'observ', 'deform', 'near', 'erupt', 'upper', 'explor', 'transvers', 'phase', 'ancient', 'pattern', 'increas', 'set', 'determin', 'radar', 'featur', 'techniqu', 'domain', 'investig', 'energi', 'hard', 'anisotropi', 'motion', 'tecton', 'phenomena', 'plasma', 'origin', 'variat', 'conceptu', 'p', 'deposit', 'temperatur', 'due', 'wavelet', 'weather', 'grain', 'respons', 'perform', 'indic', 'evid', 'new', 'geolog', 'approach', 'water', 'condit', 'event', 'equatori', 'later', 'potenti', 'topographi', 'power', 'handl', 'reconnect', 'sea', 'result', 'high', 'numer', 'impact', 'content', 'debri', 'constraint', 'array', 'shape', 'hydrostat', 'first', 'hot', 'resolut', 'limit', 'seawat', 'shear', 'suitabl', 'absolut', 'deep', 'ray', 'state', 'input', 'layer', 'buoyanc', 'patch', 'beneath']",0.7352000676761695,0.7341929328386787
15,2015,180.0,"[[('field', 100), ('magnet', 65), ('model', 46), ('wind', 41), ('structur', 40), ('data', 38), ('geomagnet', 37), ('zone', 33), ('solar', 33), ('seismic', 31), ('electr', 30), ('effect', 30), ('region', 27), ('invers', 26), ('graviti', 26), ('surfac', 24), ('analysi', 24), ('studi', 22), ('evolut', 20), ('shear', 20), ('boundari', 18), ('wave', 18), ('mantl', 17), ('flow', 17), ('auror', 17), ('tecton', 17), ('paramet', 17), ('storm', 17), ('water', 17), ('larg', 16), ('compon', 16), ('geophys', 16), ('plume', 16), ('time', 16), ('variat', 15), ('resist', 15), ('differ', 15), ('reflect', 15), ('plate', 15), ('depth', 15), ('volcan', 15), ('core', 14), ('sever', 14), ('anomali', 14), ('densiti', 14), ('conduct', 13), ('geolog', 13), ('crustal', 13), ('measur', 13), ('complex', 13), ('subduct', 13), ('anisotropi', 13), ('physic', 13), ('flux', 12), ('thermal', 12), ('harmon', 12), ('sheet', 12), ('observ', 11), ('interplanetari', 11), ('electromagnet', 11), ('intern', 11), ('extrem', 11), ('process', 11), ('heat', 10), ('classic', 10), ('main', 10), ('veloc', 10), ('materi', 10), ('geoelectr', 10), ('major', 9), ('ionospher', 9), ('plasma', 9), ('rock', 9), ('vector', 9), ('area', 9), ('tomographi', 9), ('atmospher', 9), ('magma', 8), ('record', 8), ('numer', 8), ('lithospher', 8), ('fault', 8), ('interpret', 8), ('potenti', 8), ('fractur', 8), ('activ', 8), ('scale', 8), ('global', 8), ('northward', 8), ('miner', 8), ('vertic', 8), ('low', 8), ('seafloor', 7), ('featur', 7), ('magnetospher', 7), ('irregular', 7), ('fluid', 7), ('dynam', 7), ('crust', 7), ('gradient', 7), ('impact', 7), ('current', 7), ('pressur', 7), ('erupt', 7), ('horizont', 7), ('set', 7), ('tidal', 7), ('proton', 7), ('near', 7), ('caldera', 7), ('energi', 7), ('secular', 7), ('valu', 7), ('bow', 7), ('chang', 6), ('appar', 6), ('earthquak', 6), ('site', 6), ('latitud', 6), ('survey', 6), ('direct', 6), ('term', 6), ('spatial', 6), ('mode', 6), ('space', 6), ('estim', 6), ('condit', 6), ('outer', 6), ('layer', 6), ('ocean', 6), ('subsequ', 6), ('interfac', 6), ('hazard', 6), ('groundwat', 6), ('ground', 6), ('maximum', 6), ('stress', 6), ('theori', 6), ('subsurfac', 6), ('qualiti', 6), ('result', 6), ('exact', 6), ('sourc', 6), ('hotspot', 6), ('associ', 6), ('spheric', 6), ('upwel', 6), ('techniqu', 6), ('relat', 6), ('case', 6), ('disturb', 6), ('oxygen', 6), ('research', 5), ('transient', 5), ('futur', 5), ('high', 5), ('convect', 5), ('imag', 5), ('domain', 5), ('grid', 5), ('magnetomet', 5), ('absolut', 5), ('solid', 5), ('synthet', 5), ('partial', 5), ('distribut', 5), ('orbit', 5), ('dataset', 5), ('annual', 5), ('respons', 5), ('sudden', 5), ('function', 5), ('period', 5), ('baroclin', 5), ('energet', 5), ('continent', 5), ('amplitud', 5), ('track', 5), ('abstract', 5), ('substorm', 5)]]","['field', 'magnet', 'model', 'wind', 'structur', 'data', 'geomagnet', 'zone', 'solar', 'seismic', 'electr', 'effect', 'region', 'invers', 'graviti', 'surfac', 'analysi', 'studi', 'evolut', 'shear', 'boundari', 'wave', 'mantl', 'flow', 'auror', 'tecton', 'paramet', 'storm', 'water', 'larg', 'compon', 'geophys', 'plume', 'time', 'variat', 'resist', 'differ', 'reflect', 'plate', 'depth', 'volcan', 'core', 'sever', 'anomali', 'densiti', 'conduct', 'geolog', 'crustal', 'measur', 'complex', 'subduct', 'anisotropi', 'physic', 'flux', 'thermal', 'harmon', 'sheet', 'observ', 'interplanetari', 'electromagnet', 'intern', 'extrem', 'process', 'heat', 'classic', 'main', 'veloc', 'materi', 'geoelectr', 'major', 'ionospher', 'plasma', 'rock', 'vector', 'area', 'tomographi', 'atmospher', 'magma', 'record', 'numer', 'lithospher', 'fault', 'interpret', 'potenti', 'fractur', 'activ', 'scale', 'global', 'northward', 'miner', 'vertic', 'low', 'seafloor', 'featur', 'magnetospher', 'irregular', 'fluid', 'dynam', 'crust', 'gradient', 'impact', 'current', 'pressur', 'erupt', 'horizont', 'set', 'tidal', 'proton', 'near', 'caldera', 'energi', 'secular', 'valu', 'bow', 'chang', 'appar', 'earthquak', 'site', 'latitud', 'survey', 'direct', 'term', 'spatial', 'mode', 'space', 'estim', 'condit', 'outer', 'layer', 'ocean', 'subsequ', 'interfac', 'hazard', 'groundwat', 'ground', 'maximum', 'stress', 'theori', 'subsurfac', 'qualiti', 'result', 'exact', 'sourc', 'hotspot', 'associ', 'spheric', 'upwel', 'techniqu', 'relat', 'case', 'disturb', 'oxygen', 'research', 'transient', 'futur', 'high', 'convect', 'imag', 'domain', 'grid', 'magnetomet', 'absolut', 'solid', 'synthet', 'partial', 'distribut', 'orbit', 'dataset', 'annual', 'respons', 'sudden', 'function', 'period', 'baroclin', 'energet', 'continent', 'amplitud', 'track', 'abstract', 'substorm']",0.5640084383723881,0.3978861686535399
16,2016,197.0,"[[('field', 88), ('model', 61), ('magnet', 53), ('flow', 33), ('current', 32), ('ionospher', 32), ('graviti', 32), ('ocean', 30), ('differ', 29), ('wave', 29), ('geophys', 29), ('surfac', 28), ('electr', 27), ('data', 26), ('seismic', 25), ('studi', 24), ('wind', 24), ('geomagnet', 24), ('anomali', 23), ('vertic', 23), ('region', 23), ('solar', 22), ('crustal', 22), ('geolog', 21), ('structur', 21), ('boundari', 21), ('heat', 20), ('gradient', 19), ('electron', 19), ('compon', 18), ('system', 18), ('storm', 17), ('method', 17), ('polar', 17), ('layer', 17), ('mantl', 17), ('variat', 17), ('intern', 16), ('resist', 16), ('subsurfac', 16), ('potenti', 15), ('sourc', 15), ('conduct', 15), ('flux', 14), ('distribut', 14), ('invers', 14), ('posit', 14), ('veloc', 14), ('continent', 14), ('lithospher', 14), ('deform', 14), ('period', 14), ('atmospher', 14), ('plasma', 13), ('paramet', 13), ('convect', 13), ('high', 13), ('upper', 13), ('energi', 13), ('sheet', 12), ('time', 12), ('error', 12), ('analysi', 12), ('area', 12), ('densiti', 12), ('network', 12), ('phase', 11), ('natur', 11), ('space', 11), ('magma', 11), ('ground', 11), ('equatori', 11), ('radiat', 11), ('simul', 10), ('zone', 10), ('edg', 10), ('result', 10), ('observ', 10), ('domain', 10), ('electromagnet', 10), ('total', 10), ('interact', 10), ('tsunami', 10), ('monitor', 10), ('dyke', 10), ('type', 9), ('rock', 9), ('frequenc', 9), ('global', 9), ('distinct', 9), ('impact', 9), ('locat', 9), ('water', 9), ('weak', 9), ('ruptur', 9), ('process', 9), ('core', 9), ('tomographi', 9), ('mechan', 9), ('swarm', 9), ('generat', 9), ('featur', 8), ('subduct', 8), ('auror', 8), ('plate', 8), ('theori', 8), ('lunar', 8), ('temperatur', 8), ('bulk', 8), ('erupt', 8), ('initi', 8), ('survey', 8), ('precursor', 8), ('lower', 8), ('circumferenti', 8), ('previous', 8), ('explor', 8), ('ore', 7), ('element', 7), ('effect', 7), ('new', 7), ('tidal', 7), ('phenomena', 7), ('similar', 7), ('interplanetari', 7), ('station', 7), ('pc', 7), ('intens', 7), ('depress', 7), ('weather', 7), ('fluid', 7), ('thick', 7), ('signific', 7), ('solut', 7), ('valu', 7), ('tecton', 7), ('ionize', 7), ('viscos', 7), ('altitud', 7), ('content', 7), ('giant', 7), ('acoust', 7), ('shelf', 7), ('complex', 7), ('status', 7), ('part', 6), ('low', 6), ('recent', 6), ('larg', 6), ('gravit', 6), ('pulsat', 6), ('recoveri', 6), ('crater', 6), ('numer', 6), ('magnetotellur', 6), ('fractur', 6), ('properti', 6), ('terrestri', 6), ('channel', 6), ('dike', 6), ('rang', 6), ('height', 6), ('tiger', 6), ('format', 6), ('oil', 6), ('contrast', 6), ('direct', 6), ('express', 6), ('circul', 6), ('activ', 6), ('pressur', 6), ('thin', 5), ('chromit', 5), ('present', 5), ('signal', 5), ('correl', 5), ('liquid', 5), ('rate', 5), ('latitud', 5), ('bodi', 5), ('volum', 5), ('ring', 5), ('spheric', 5), ('rift', 5), ('margin', 5), ('techniqu', 5), ('larger', 5), ('power', 5), ('horizont', 5), ('energet', 5), ('relationship', 5), ('southern', 5), ('kinemat', 5), ('profil', 5), ('basin', 5), ('various', 5), ('coupl', 5)]]","['field', 'model', 'magnet', 'flow', 'current', 'ionospher', 'graviti', 'ocean', 'differ', 'wave', 'geophys', 'surfac', 'electr', 'data', 'seismic', 'studi', 'wind', 'geomagnet', 'anomali', 'vertic', 'region', 'solar', 'crustal', 'geolog', 'structur', 'boundari', 'heat', 'gradient', 'electron', 'compon', 'system', 'storm', 'method', 'polar', 'layer', 'mantl', 'variat', 'intern', 'resist', 'subsurfac', 'potenti', 'sourc', 'conduct', 'flux', 'distribut', 'invers', 'posit', 'veloc', 'continent', 'lithospher', 'deform', 'period', 'atmospher', 'plasma', 'paramet', 'convect', 'high', 'upper', 'energi', 'sheet', 'time', 'error', 'analysi', 'area', 'densiti', 'network', 'phase', 'natur', 'space', 'magma', 'ground', 'equatori', 'radiat', 'simul', 'zone', 'edg', 'result', 'observ', 'domain', 'electromagnet', 'total', 'interact', 'tsunami', 'monitor', 'dyke', 'type', 'rock', 'frequenc', 'global', 'distinct', 'impact', 'locat', 'water', 'weak', 'ruptur', 'process', 'core', 'tomographi', 'mechan', 'swarm', 'generat', 'featur', 'subduct', 'auror', 'plate', 'theori', 'lunar', 'temperatur', 'bulk', 'erupt', 'initi', 'survey', 'precursor', 'lower', 'circumferenti', 'previous', 'explor', 'ore', 'element', 'effect', 'new', 'tidal', 'phenomena', 'similar', 'interplanetari', 'station', 'pc', 'intens', 'depress', 'weather', 'fluid', 'thick', 'signific', 'solut', 'valu', 'tecton', 'ionize', 'viscos', 'altitud', 'content', 'giant', 'acoust', 'shelf', 'complex', 'status', 'part', 'low', 'recent', 'larg', 'gravit', 'pulsat', 'recoveri', 'crater', 'numer', 'magnetotellur', 'fractur', 'properti', 'terrestri', 'channel', 'dike', 'rang', 'height', 'tiger', 'format', 'oil', 'contrast', 'direct', 'express', 'circul', 'activ', 'pressur', 'thin', 'chromit', 'present', 'signal', 'correl', 'liquid', 'rate', 'latitud', 'bodi', 'volum', 'ring', 'spheric', 'rift', 'margin', 'techniqu', 'larger', 'power', 'horizont', 'energet', 'relationship', 'southern', 'kinemat', 'profil', 'basin', 'various', 'coupl']",0.5635696007105998,0.6526836395506348
17,2017,159.0,"[[('wave', 51), ('field', 48), ('veloc', 46), ('magnet', 39), ('structur', 33), ('seismic', 32), ('graviti', 29), ('data', 28), ('impact', 27), ('geophys', 26), ('ocean', 26), ('model', 25), ('invers', 21), ('anomali', 21), ('larg', 19), ('differ', 19), ('boundari', 19), ('thick', 19), ('flow', 18), ('evid', 16), ('low', 16), ('densiti', 15), ('geomagnet', 15), ('high', 15), ('plate', 15), ('mantl', 15), ('zone', 15), ('surfac', 14), ('layer', 14), ('stress', 14), ('solar', 14), ('continent', 14), ('electron', 13), ('nois', 13), ('global', 12), ('object', 12), ('observ', 12), ('water', 12), ('system', 12), ('effect', 11), ('result', 11), ('conduct', 11), ('depth', 11), ('substorm', 10), ('respons', 10), ('ionospher', 10), ('dynamo', 10), ('shallow', 10), ('subsurfac', 10), ('marin', 10), ('mass', 9), ('term', 9), ('geolog', 9), ('propag', 9), ('inner', 9), ('core', 9), ('tecton', 9), ('pattern', 9), ('electr', 9), ('synthet', 9), ('lava', 9), ('polar', 9), ('upper', 9), ('vector', 9), ('phase', 8), ('increas', 8), ('properti', 8), ('condit', 8), ('heat', 8), ('storm', 8), ('mani', 8), ('dynam', 8), ('variat', 8), ('fluctuat', 8), ('measur', 8), ('bodi', 7), ('energi', 7), ('revers', 7), ('function', 7), ('zonal', 7), ('electromagnet', 7), ('current', 7), ('magma', 7), ('deep', 7), ('tsunami', 7), ('dust', 7), ('sourc', 7), ('interplanetari', 7), ('hazard', 7), ('potenti', 7), ('andean', 7), ('subduct', 7), ('ambient', 7), ('thermal', 7), ('plasma', 7), ('network', 7), ('waveform', 6), ('resolut', 6), ('sound', 6), ('posit', 6), ('seismolog', 6), ('rock', 6), ('equat', 6), ('late', 6), ('distribut', 6), ('wind', 6), ('magnetotellur', 6), ('crustal', 6), ('speed', 6), ('crack', 6), ('apertur', 6), ('constraint', 6), ('optic', 6), ('relat', 6), ('group', 5), ('averag', 5), ('area', 5), ('level', 5), ('like', 5), ('rate', 5), ('import', 5), ('chang', 5), ('spatial', 5), ('real', 5), ('plateau', 5), ('negat', 5), ('geotherm', 5), ('region', 5), ('signal', 5), ('numer', 5), ('transport', 5), ('direct', 5), ('simul', 5), ('chaotic', 5), ('later', 5), ('crust', 5), ('thermochem', 5), ('expans', 4), ('frequenc', 4), ('higher', 4), ('vertic', 4), ('entir', 4), ('giant', 4), ('relationship', 4), ('approach', 4), ('correl', 4), ('horizont', 4), ('compon', 4), ('sens', 4), ('cloud', 4), ('paramet', 4), ('nutat', 4), ('number', 4), ('exploit', 4), ('reservoir', 4), ('activ', 4), ('product', 4), ('gradient', 4), ('cover', 4)]]","['wave', 'field', 'veloc', 'magnet', 'structur', 'seismic', 'graviti', 'data', 'impact', 'geophys', 'ocean', 'model', 'invers', 'anomali', 'larg', 'differ', 'boundari', 'thick', 'flow', 'evid', 'low', 'densiti', 'geomagnet', 'high', 'plate', 'mantl', 'zone', 'surfac', 'layer', 'stress', 'solar', 'continent', 'electron', 'nois', 'global', 'object', 'observ', 'water', 'system', 'effect', 'result', 'conduct', 'depth', 'substorm', 'respons', 'ionospher', 'dynamo', 'shallow', 'subsurfac', 'marin', 'mass', 'term', 'geolog', 'propag', 'inner', 'core', 'tecton', 'pattern', 'electr', 'synthet', 'lava', 'polar', 'upper', 'vector', 'phase', 'increas', 'properti', 'condit', 'heat', 'storm', 'mani', 'dynam', 'variat', 'fluctuat', 'measur', 'bodi', 'energi', 'revers', 'function', 'zonal', 'electromagnet', 'current', 'magma', 'deep', 'tsunami', 'dust', 'sourc', 'interplanetari', 'hazard', 'potenti', 'andean', 'subduct', 'ambient', 'thermal', 'plasma', 'network', 'waveform', 'resolut', 'sound', 'posit', 'seismolog', 'rock', 'equat', 'late', 'distribut', 'wind', 'magnetotellur', 'crustal', 'speed', 'crack', 'apertur', 'constraint', 'optic', 'relat', 'group', 'averag', 'area', 'level', 'like', 'rate', 'import', 'chang', 'spatial', 'real', 'plateau', 'negat', 'geotherm', 'region', 'signal', 'numer', 'transport', 'direct', 'simul', 'chaotic', 'later', 'crust', 'thermochem', 'expans', 'frequenc', 'higher', 'vertic', 'entir', 'giant', 'relationship', 'approach', 'correl', 'horizont', 'compon', 'sens', 'cloud', 'paramet', 'nutat', 'number', 'exploit', 'reservoir', 'activ', 'product', 'gradient', 'cover']",0.6789024828694696,0.7979632594919661
18,2018,222.0,"[[('field', 90), ('seismic', 67), ('model', 57), ('magnet', 55), ('mantl', 44), ('wave', 43), ('data', 42), ('geophys', 42), ('differ', 39), ('water', 30), ('geomagnet', 28), ('structur', 28), ('graviti', 28), ('system', 26), ('earthquak', 26), ('activ', 24), ('sourc', 24), ('subduct', 24), ('invers', 23), ('time', 23), ('veloc', 22), ('variat', 22), ('electr', 21), ('global', 21), ('solar', 21), ('ionospher', 20), ('method', 20), ('plate', 20), ('crustal', 19), ('surfac', 19), ('slab', 19), ('lithospher', 18), ('explor', 17), ('tomographi', 17), ('depth', 17), ('zone', 16), ('current', 16), ('observ', 16), ('shallow', 16), ('electromagnet', 15), ('high', 15), ('flow', 15), ('ocean', 15), ('later', 15), ('simul', 15), ('studi', 14), ('anomali', 14), ('resist', 14), ('region', 14), ('valu', 14), ('deep', 13), ('anisotrop', 13), ('evolut', 13), ('tecton', 13), ('thermal', 13), ('frequenc', 13), ('occurr', 13), ('geolog', 12), ('densiti', 12), ('properti', 12), ('network', 12), ('distribut', 12), ('flat', 12), ('map', 12), ('dynam', 12), ('boundari', 11), ('inform', 11), ('continu', 11), ('ground', 11), ('plasma', 11), ('groundwat', 11), ('main', 11), ('lower', 11), ('equat', 11), ('mechan', 11), ('direct', 11), ('local', 10), ('low', 10), ('scale', 10), ('signal', 10), ('result', 10), ('constraint', 10), ('increas', 10), ('rate', 10), ('rock', 10), ('seri', 9), ('potenti', 9), ('within', 9), ('equatori', 9), ('energi', 9), ('effect', 9), ('episod', 9), ('magmat', 9), ('process', 9), ('strong', 9), ('period', 9), ('convect', 9), ('radiat', 9), ('subsurfac', 9), ('test', 9), ('shear', 9), ('b', 9), ('integr', 8), ('curv', 8), ('statist', 8), ('propag', 8), ('polar', 8), ('profil', 8), ('magma', 8), ('complex', 8), ('basement', 8), ('due', 8), ('craton', 8), ('ambient', 8), ('approach', 8), ('variabl', 8), ('anomal', 8), ('characterist', 8), ('layer', 7), ('electron', 7), ('respons', 7), ('anisotropi', 7), ('optimum', 7), ('size', 7), ('area', 7), ('transit', 7), ('conduct', 7), ('upper', 7), ('volcan', 7), ('lava', 7), ('deform', 7), ('stabil', 7), ('major', 7), ('marin', 7), ('various', 7), ('materi', 7), ('vertic', 7), ('domin', 7), ('vector', 7), ('hazard', 7), ('satellit', 7), ('substorm', 7), ('storm', 7), ('investig', 7), ('convent', 7), ('helic', 7), ('intens', 7), ('core', 7), ('survey', 6), ('station', 6), ('synthet', 6), ('forecast', 6), ('clay', 6), ('wedg', 6), ('melt', 6), ('analysi', 6), ('eman', 6), ('paramet', 6), ('ellipt', 6), ('aquif', 6), ('limit', 6), ('deriv', 6), ('atmospher', 6), ('residu', 6), ('unrest', 6), ('mirror', 6), ('hydrocarbon', 6), ('origin', 6), ('lunar', 6), ('tidal', 6), ('understand', 6), ('event', 6), ('measur', 6), ('drive', 6), ('sever', 6), ('initi', 6), ('soil', 6), ('chang', 6), ('plume', 6), ('rang', 6), ('mean', 6), ('crystallin', 6), ('transient', 6), ('airborn', 6), ('spatial', 5), ('condit', 5), ('air', 5), ('ancient', 5), ('research', 5), ('trend', 5), ('shock', 5), ('distanc', 5), ('line', 5), ('phase', 5), ('littl', 5), ('northern', 5), ('latitud', 5), ('construct', 5), ('dynamo', 5), ('errat', 5), ('spectral', 5), ('igneous', 5), ('medium', 5), ('inner', 5), ('tropospher', 5), ('tool', 5), ('like', 5), ('seawat', 5), ('function', 5), ('magnetospher', 5), ('crust', 5), ('auror', 5), ('disturb', 5), ('fossil', 5), ('reconstruct', 5), ('great', 5), ('fault', 5), ('motion', 5), ('decompos', 5), ('subcrit', 5), ('peak', 5), ('cycl', 5)]]","['field', 'seismic', 'model', 'magnet', 'mantl', 'wave', 'data', 'geophys', 'differ', 'water', 'geomagnet', 'structur', 'graviti', 'system', 'earthquak', 'activ', 'sourc', 'subduct', 'invers', 'time', 'veloc', 'variat', 'electr', 'global', 'solar', 'ionospher', 'method', 'plate', 'crustal', 'surfac', 'slab', 'lithospher', 'explor', 'tomographi', 'depth', 'zone', 'current', 'observ', 'shallow', 'electromagnet', 'high', 'flow', 'ocean', 'later', 'simul', 'studi', 'anomali', 'resist', 'region', 'valu', 'deep', 'anisotrop', 'evolut', 'tecton', 'thermal', 'frequenc', 'occurr', 'geolog', 'densiti', 'properti', 'network', 'distribut', 'flat', 'map', 'dynam', 'boundari', 'inform', 'continu', 'ground', 'plasma', 'groundwat', 'main', 'lower', 'equat', 'mechan', 'direct', 'local', 'low', 'scale', 'signal', 'result', 'constraint', 'increas', 'rate', 'rock', 'seri', 'potenti', 'within', 'equatori', 'energi', 'effect', 'episod', 'magmat', 'process', 'strong', 'period', 'convect', 'radiat', 'subsurfac', 'test', 'shear', 'b', 'integr', 'curv', 'statist', 'propag', 'polar', 'profil', 'magma', 'complex', 'basement', 'due', 'craton', 'ambient', 'approach', 'variabl', 'anomal', 'characterist', 'layer', 'electron', 'respons', 'anisotropi', 'optimum', 'size', 'area', 'transit', 'conduct', 'upper', 'volcan', 'lava', 'deform', 'stabil', 'major', 'marin', 'various', 'materi', 'vertic', 'domin', 'vector', 'hazard', 'satellit', 'substorm', 'storm', 'investig', 'convent', 'helic', 'intens', 'core', 'survey', 'station', 'synthet', 'forecast', 'clay', 'wedg', 'melt', 'analysi', 'eman', 'paramet', 'ellipt', 'aquif', 'limit', 'deriv', 'atmospher', 'residu', 'unrest', 'mirror', 'hydrocarbon', 'origin', 'lunar', 'tidal', 'understand', 'event', 'measur', 'drive', 'sever', 'initi', 'soil', 'chang', 'plume', 'rang', 'mean', 'crystallin', 'transient', 'airborn', 'spatial', 'condit', 'air', 'ancient', 'research', 'trend', 'shock', 'distanc', 'line', 'phase', 'littl', 'northern', 'latitud', 'construct', 'dynamo', 'errat', 'spectral', 'igneous', 'medium', 'inner', 'tropospher', 'tool', 'like', 'seawat', 'function', 'magnetospher', 'crust', 'auror', 'disturb', 'fossil', 'reconstruct', 'great', 'fault', 'motion', 'decompos', 'subcrit', 'peak', 'cycl']",0.6337719947550968,0.4638297386609441
19,2019,278.0,"[[('model', 94), ('field', 85), ('structur', 72), ('wave', 67), ('seismic', 64), ('mantl', 62), ('graviti', 62), ('veloc', 61), ('invers', 55), ('data', 55), ('magnet', 54), ('method', 40), ('crust', 39), ('ionospher', 38), ('ocean', 37), ('geophys', 35), ('deep', 34), ('differ', 33), ('zone', 31), ('crustal', 30), ('analysi', 30), ('lithospher', 30), ('vertic', 29), ('shear', 28), ('rock', 28), ('water', 28), ('electr', 28), ('time', 27), ('anomali', 27), ('system', 27), ('simul', 26), ('conduct', 26), ('observ', 26), ('gradient', 25), ('frequenc', 25), ('function', 25), ('upper', 24), ('plate', 24), ('plasma', 24), ('solar', 24), ('direct', 23), ('heat', 23), ('miner', 23), ('sourc', 23), ('lower', 22), ('geomagnet', 22), ('geolog', 22), ('region', 22), ('variat', 22), ('studi', 21), ('distribut', 21), ('surfac', 21), ('low', 21), ('deposit', 21), ('interpret', 21), ('crater', 20), ('numer', 20), ('chang', 20), ('activ', 20), ('continu', 20), ('phase', 20), ('scale', 20), ('ice', 20), ('global', 19), ('tecton', 19), ('densiti', 19), ('explor', 19), ('dynam', 19), ('depth', 19), ('sound', 19), ('characterist', 19), ('high', 18), ('continent', 18), ('valu', 18), ('deform', 17), ('area', 17), ('estim', 17), ('rate', 17), ('spatial', 17), ('electron', 17), ('imag', 17), ('fast', 17), ('magma', 17), ('polar', 17), ('larg', 17), ('result', 17), ('flux', 17), ('flow', 17), ('anisotropi', 16), ('temperatur', 16), ('layer', 16), ('paramet', 16), ('current', 16), ('fluctuat', 16), ('profil', 15), ('potenti', 15), ('sedimentari', 15), ('boundari', 15), ('magmat', 15), ('magnetotellur', 15), ('evolut', 15), ('subduct', 14), ('event', 14), ('thermal', 14), ('role', 14), ('new', 14), ('various', 14), ('electromagnet', 14), ('full', 13), ('fault', 13), ('azimuth', 13), ('propag', 13), ('plume', 13), ('satellit', 13), ('record', 12), ('belt', 12), ('natur', 12), ('reflect', 12), ('process', 12), ('evid', 12), ('space', 12), ('receiv', 12), ('resolut', 12), ('convect', 12), ('bodi', 12), ('compon', 12), ('storm', 12), ('terrestri', 11), ('joint', 11), ('open', 11), ('energi', 11), ('nonlinear', 11), ('shift', 11), ('sea', 11), ('analyt', 11), ('rift', 11), ('physic', 11), ('approach', 11), ('sever', 11), ('ion', 11), ('converg', 11), ('melt', 11), ('beneath', 10), ('earth', 10), ('posit', 10), ('basin', 10), ('develop', 10), ('survey', 10), ('correl', 10), ('constraint', 10), ('near', 10), ('signal', 10), ('motion', 10), ('properti', 10), ('wind', 10), ('increas', 10), ('martian', 10), ('convent', 10), ('resist', 10), ('inform', 10), ('indian', 10), ('volcano', 10), ('present', 10), ('waveform', 9), ('geotherm', 9), ('volcan', 9), ('rotat', 9), ('topographi', 9), ('product', 9), ('escap', 9), ('shallow', 9), ('ground', 9), ('subsurfac', 9), ('stage', 9), ('stabil', 9), ('composit', 9), ('thin', 9), ('effect', 9), ('simpl', 9), ('correct', 8), ('liquid', 8), ('appar', 8), ('mountain', 8), ('along', 8), ('materi', 8), ('scientif', 8), ('latitud', 8), ('ratio', 8), ('isol', 8), ('jet', 8), ('ruptur', 8), ('strong', 8), ('mass', 8), ('remnant', 8), ('total', 8), ('seafloor', 8), ('individu', 8), ('earthquak', 8), ('possibl', 8), ('research', 8), ('travel', 7), ('format', 7), ('conjug', 7), ('peak', 7), ('channel', 7), ('small', 7), ('late', 7), ('modern', 7), ('subsequ', 7), ('respons', 7), ('varieti', 7), ('nois', 7), ('normal', 7), ('detail', 7), ('geodet', 7), ('margin', 7), ('long', 7), ('reduct', 7), ('slab', 7), ('topograph', 7), ('dimension', 7), ('size', 7), ('geoelectr', 7), ('soil', 7), ('impact', 7), ('state', 7), ('case', 7), ('complex', 7), ('type', 7), ('hydrolog', 7), ('outer', 7), ('solut', 7), ('mudflow', 7), ('intersect', 7), ('landslid', 7), ('tomographi', 6), ('reservoir', 6), ('linear', 6), ('growth', 6), ('chargeabl', 6), ('signific', 6), ('passiv', 6), ('speed', 6), ('underground', 6), ('pattern', 6), ('term', 6), ('strike', 6), ('cover', 6), ('ascent', 6), ('migrat', 6), ('subauror', 6), ('signatur', 6), ('year', 6), ('anisotrop', 6), ('condit', 6), ('km', 6), ('import', 6), ('transform', 6), ('base', 6), ('pure', 6), ('revers', 6), ('length', 6), ('dipol', 6), ('perturb', 6), ('extens', 6), ('array', 6), ('avail', 6), ('equat', 6), ('refer', 6), ('heterogen', 6), ('interplanetari', 6), ('intens', 6), ('modif', 6), ('emiss', 6), ('net', 6), ('ici', 6), ('auror', 6), ('climat', 6)]]","['model', 'field', 'structur', 'wave', 'seismic', 'mantl', 'graviti', 'veloc', 'invers', 'data', 'magnet', 'method', 'crust', 'ionospher', 'ocean', 'geophys', 'deep', 'differ', 'zone', 'crustal', 'analysi', 'lithospher', 'vertic', 'shear', 'rock', 'water', 'electr', 'time', 'anomali', 'system', 'simul', 'conduct', 'observ', 'gradient', 'frequenc', 'function', 'upper', 'plate', 'plasma', 'solar', 'direct', 'heat', 'miner', 'sourc', 'lower', 'geomagnet', 'geolog', 'region', 'variat', 'studi', 'distribut', 'surfac', 'low', 'deposit', 'interpret', 'crater', 'numer', 'chang', 'activ', 'continu', 'phase', 'scale', 'ice', 'global', 'tecton', 'densiti', 'explor', 'dynam', 'depth', 'sound', 'characterist', 'high', 'continent', 'valu', 'deform', 'area', 'estim', 'rate', 'spatial', 'electron', 'imag', 'fast', 'magma', 'polar', 'larg', 'result', 'flux', 'flow', 'anisotropi', 'temperatur', 'layer', 'paramet', 'current', 'fluctuat', 'profil', 'potenti', 'sedimentari', 'boundari', 'magmat', 'magnetotellur', 'evolut', 'subduct', 'event', 'thermal', 'role', 'new', 'various', 'electromagnet', 'full', 'fault', 'azimuth', 'propag', 'plume', 'satellit', 'record', 'belt', 'natur', 'reflect', 'process', 'evid', 'space', 'receiv', 'resolut', 'convect', 'bodi', 'compon', 'storm', 'terrestri', 'joint', 'open', 'energi', 'nonlinear', 'shift', 'sea', 'analyt', 'rift', 'physic', 'approach', 'sever', 'ion', 'converg', 'melt', 'beneath', 'earth', 'posit', 'basin', 'develop', 'survey', 'correl', 'constraint', 'near', 'signal', 'motion', 'properti', 'wind', 'increas', 'martian', 'convent', 'resist', 'inform', 'indian', 'volcano', 'present', 'waveform', 'geotherm', 'volcan', 'rotat', 'topographi', 'product', 'escap', 'shallow', 'ground', 'subsurfac', 'stage', 'stabil', 'composit', 'thin', 'effect', 'simpl', 'correct', 'liquid', 'appar', 'mountain', 'along', 'materi', 'scientif', 'latitud', 'ratio', 'isol', 'jet', 'ruptur', 'strong', 'mass', 'remnant', 'total', 'seafloor', 'individu', 'earthquak', 'possibl', 'research', 'travel', 'format', 'conjug', 'peak', 'channel', 'small', 'late', 'modern', 'subsequ', 'respons', 'varieti', 'nois', 'normal', 'detail', 'geodet', 'margin', 'long', 'reduct', 'slab', 'topograph', 'dimension', 'size', 'geoelectr', 'soil', 'impact', 'state', 'case', 'complex', 'type', 'hydrolog', 'outer', 'solut', 'mudflow', 'intersect', 'landslid', 'tomographi', 'reservoir', 'linear', 'growth', 'chargeabl', 'signific', 'passiv', 'speed', 'underground', 'pattern', 'term', 'strike', 'cover', 'ascent', 'migrat', 'subauror', 'signatur', 'year', 'anisotrop', 'condit', 'km', 'import', 'transform', 'base', 'pure', 'revers', 'length', 'dipol', 'perturb', 'extens', 'array', 'avail', 'equat', 'refer', 'heterogen', 'interplanetari', 'intens', 'modif', 'emiss', 'net', 'ici', 'auror', 'climat']",0.6448259453514931,0.6325448064397716
20,2020,393.0,"[[('field', 190), ('wave', 168), ('model', 141), ('magnet', 128), ('seismic', 112), ('data', 108), ('surfac', 108), ('mantl', 98), ('geomagnet', 91), ('structur', 89), ('graviti', 89), ('flow', 83), ('invers', 80), ('variat', 80), ('observ', 78), ('veloc', 78), ('geophys', 78), ('differ', 70), ('ocean', 68), ('electr', 62), ('plate', 62), ('densiti', 58), ('solar', 57), ('ionospher', 57), ('geolog', 56), ('crustal', 56), ('region', 54), ('time', 51), ('studi', 50), ('vertic', 50), ('upper', 50), ('anomali', 50), ('heat', 48), ('electron', 47), ('current', 46), ('chang', 45), ('tecton', 45), ('crust', 44), ('storm', 44), ('method', 44), ('zone', 43), ('space', 43), ('layer', 43), ('water', 43), ('global', 42), ('sourc', 42), ('plasma', 41), ('wind', 41), ('deep', 38), ('core', 38), ('resist', 38), ('activ', 38), ('analysi', 37), ('process', 37), ('area', 36), ('atmospher', 36), ('fault', 35), ('thermal', 35), ('conduct', 34), ('distribut', 34), ('intern', 34), ('depth', 33), ('effect', 33), ('earthquak', 33), ('phase', 33), ('lithospher', 33), ('magma', 32), ('shear', 32), ('frequenc', 31), ('continent', 31), ('boundari', 31), ('subduct', 31), ('plume', 30), ('condit', 30), ('power', 30), ('low', 29), ('polar', 29), ('anisotropi', 29), ('simul', 29), ('subsurfac', 29), ('potenti', 28), ('bodi', 28), ('fluid', 28), ('system', 28), ('nois', 28), ('flux', 28), ('lower', 28), ('ion', 28), ('paramet', 27), ('energi', 27), ('weather', 26), ('deform', 26), ('strong', 26), ('electromagnet', 26), ('high', 26), ('ground', 26), ('evolut', 25), ('sever', 25), ('numer', 25), ('interpret', 25), ('featur', 25), ('tomographi', 24), ('pressur', 24), ('stress', 24), ('new', 24), ('compon', 24), ('rate', 23), ('function', 23), ('respons', 23), ('local', 23), ('martian', 23), ('possibl', 22), ('measur', 22), ('scale', 22), ('intens', 22), ('properti', 22), ('transform', 21), ('physic', 21), ('profil', 21), ('mechan', 21), ('imag', 21), ('period', 21), ('propag', 21), ('research', 20), ('constraint', 20), ('temperatur', 20), ('total', 20), ('reflect', 20), ('direct', 19), ('radiat', 19), ('larg', 19), ('part', 19), ('map', 18), ('rock', 18), ('disturb', 18), ('point', 18), ('record', 18), ('pattern', 18), ('speed', 18), ('geotherm', 18), ('dynam', 18), ('various', 17), ('miner', 17), ('event', 17), ('satellit', 17), ('thick', 17), ('posit', 17), ('horizont', 17), ('forc', 17), ('complex', 17), ('valu', 17), ('spectrum', 17), ('magnetospher', 17), ('magnetotellur', 17), ('volum', 17), ('state', 17), ('radio', 17), ('inform', 16), ('shallow', 16), ('explor', 16), ('convect', 16), ('equatori', 16), ('planetari', 16), ('drift', 16), ('evid', 16), ('sea', 16), ('increas', 15), ('interact', 15), ('materi', 15), ('singl', 15), ('present', 15), ('gas', 15), ('lava', 15), ('due', 15), ('format', 15), ('volcan', 15), ('relationship', 15), ('generat', 15), ('signatur', 15), ('monitor', 15), ('lunar', 14), ('margin', 14), ('small', 14), ('particl', 14), ('channel', 14), ('survey', 14), ('estim', 14), ('basin', 14), ('signal', 13), ('auror', 13), ('extens', 13), ('along', 13), ('content', 13), ('vortic', 13), ('amplitud', 13), ('tropic', 13), ('slab', 13), ('order', 13), ('result', 13), ('revers', 13), ('character', 13), ('weak', 12), ('nonlinear', 12), ('first', 12), ('stage', 12), ('grid', 12), ('latitud', 12), ('spatial', 12), ('dispers', 12), ('reservoir', 12), ('domain', 12), ('role', 12), ('main', 12), ('microseism', 12), ('earli', 12), ('rang', 12), ('beneath', 12), ('relat', 12), ('investig', 12), ('array', 12), ('elast', 12), ('rotat', 12), ('recoveri', 12), ('limit', 11), ('impact', 11), ('magmat', 11), ('transient', 11), ('slip', 11), ('waveform', 11), ('ice', 11), ('passiv', 11), ('length', 11), ('earth', 11), ('interplanetari', 11), ('theori', 11), ('spacecraft', 11), ('paper', 11), ('station', 11), ('circul', 11), ('combin', 11), ('unit', 11), ('melt', 11), ('characterist', 11), ('indic', 11), ('behavior', 11), ('prospect', 11), ('set', 10), ('later', 10), ('mean', 10), ('substorm', 10), ('presenc', 10), ('anomal', 10), ('transfer', 10), ('previous', 10), ('slope', 10), ('integr', 10), ('resolut', 10), ('solut', 10), ('erupt', 10), ('turbul', 10), ('receiv', 10), ('import', 10), ('north', 10), ('negat', 10), ('partial', 10), ('higher', 10), ('indian', 10), ('question', 10), ('avail', 10), ('dissip', 10), ('gradient', 10), ('test', 10), ('imped', 10), ('constant', 10), ('elev', 10), ('groundwat', 10), ('classif', 10), ('paleomagnet', 10), ('within', 9), ('issu', 9), ('joint', 9), ('detail', 9), ('seri', 9), ('enhanc', 9), ('orbit', 9), ('number', 9), ('belt', 9), ('radial', 9), ('techniqu', 9), ('marin', 9), ('gravit', 9), ('soil', 9), ('geodynam', 9), ('abstracta', 9), ('ambient', 9), ('correl', 9), ('submarin', 9), ('arc', 9), ('acceler', 9), ('calcul', 9), ('mass', 9), ('basalt', 9), ('term', 9), ('natur', 9), ('influenc', 9), ('full', 9), ('develop', 9), ('rift', 9), ('spectra', 9), ('engin', 9), ('motion', 9), ('mesoscal', 9), ('product', 9), ('phenomenon', 9), ('tidal', 9), ('downhol', 9), ('past', 9), ('transport', 9), ('geochem', 9), ('seaward', 9), ('amount', 8), ('agreement', 8), ('extent', 8), ('strain', 8), ('jet', 8), ('perturb', 8), ('origin', 8), ('precis', 8), ('axial', 8), ('dipol', 8), ('qualiti', 8), ('near', 8), ('zonal', 8), ('cycl', 8), ('key', 8), ('topograph', 8), ('composit', 8), ('upward', 8), ('mani', 8), ('parallel', 8), ('momentum', 8), ('oscil', 8), ('sedimentari', 8), ('great', 8), ('solid', 8), ('major', 8), ('insight', 8), ('mine', 8), ('plausibl', 8), ('respect', 8), ('archaeolog', 8), ('abnorm', 8), ('tradit', 8), ('basal', 8), ('fingerprint', 8), ('determin', 7), ('strike', 7), ('phenomena', 7), ('signific', 7), ('plasmapaus', 7), ('equat', 7), ('line', 7), ('quiet', 7), ('deposit', 7), ('km', 7), ('averag', 7), ('mix', 7), ('salin', 7), ('pore', 7), ('applic', 7), ('element', 7), ('use', 7), ('residu', 7), ('top', 7), ('sound', 7), ('manifest', 7), ('predict', 7), ('ancient', 7), ('group', 7), ('intermitt', 7), ('sheet', 7), ('precursori', 7), ('load', 7), ('similar', 7), ('transit', 7), ('equilibrium', 7), ('futur', 7), ('empir', 7), ('addit', 7), ('basement', 7), ('modern', 7), ('liquid', 7), ('diagnost', 7)]]","['field', 'wave', 'model', 'magnet', 'seismic', 'data', 'surfac', 'mantl', 'geomagnet', 'structur', 'graviti', 'flow', 'invers', 'variat', 'observ', 'veloc', 'geophys', 'differ', 'ocean', 'electr', 'plate', 'densiti', 'solar', 'ionospher', 'geolog', 'crustal', 'region', 'time', 'studi', 'vertic', 'upper', 'anomali', 'heat', 'electron', 'current', 'chang', 'tecton', 'crust', 'storm', 'method', 'zone', 'space', 'layer', 'water', 'global', 'sourc', 'plasma', 'wind', 'deep', 'core', 'resist', 'activ', 'analysi', 'process', 'area', 'atmospher', 'fault', 'thermal', 'conduct', 'distribut', 'intern', 'depth', 'effect', 'earthquak', 'phase', 'lithospher', 'magma', 'shear', 'frequenc', 'continent', 'boundari', 'subduct', 'plume', 'condit', 'power', 'low', 'polar', 'anisotropi', 'simul', 'subsurfac', 'potenti', 'bodi', 'fluid', 'system', 'nois', 'flux', 'lower', 'ion', 'paramet', 'energi', 'weather', 'deform', 'strong', 'electromagnet', 'high', 'ground', 'evolut', 'sever', 'numer', 'interpret', 'featur', 'tomographi', 'pressur', 'stress', 'new', 'compon', 'rate', 'function', 'respons', 'local', 'martian', 'possibl', 'measur', 'scale', 'intens', 'properti', 'transform', 'physic', 'profil', 'mechan', 'imag', 'period', 'propag', 'research', 'constraint', 'temperatur', 'total', 'reflect', 'direct', 'radiat', 'larg', 'part', 'map', 'rock', 'disturb', 'point', 'record', 'pattern', 'speed', 'geotherm', 'dynam', 'various', 'miner', 'event', 'satellit', 'thick', 'posit', 'horizont', 'forc', 'complex', 'valu', 'spectrum', 'magnetospher', 'magnetotellur', 'volum', 'state', 'radio', 'inform', 'shallow', 'explor', 'convect', 'equatori', 'planetari', 'drift', 'evid', 'sea', 'increas', 'interact', 'materi', 'singl', 'present', 'gas', 'lava', 'due', 'format', 'volcan', 'relationship', 'generat', 'signatur', 'monitor', 'lunar', 'margin', 'small', 'particl', 'channel', 'survey', 'estim', 'basin', 'signal', 'auror', 'extens', 'along', 'content', 'vortic', 'amplitud', 'tropic', 'slab', 'order', 'result', 'revers', 'character', 'weak', 'nonlinear', 'first', 'stage', 'grid', 'latitud', 'spatial', 'dispers', 'reservoir', 'domain', 'role', 'main', 'microseism', 'earli', 'rang', 'beneath', 'relat', 'investig', 'array', 'elast', 'rotat', 'recoveri', 'limit', 'impact', 'magmat', 'transient', 'slip', 'waveform', 'ice', 'passiv', 'length', 'earth', 'interplanetari', 'theori', 'spacecraft', 'paper', 'station', 'circul', 'combin', 'unit', 'melt', 'characterist', 'indic', 'behavior', 'prospect', 'set', 'later', 'mean', 'substorm', 'presenc', 'anomal', 'transfer', 'previous', 'slope', 'integr', 'resolut', 'solut', 'erupt', 'turbul', 'receiv', 'import', 'north', 'negat', 'partial', 'higher', 'indian', 'question', 'avail', 'dissip', 'gradient', 'test', 'imped', 'constant', 'elev', 'groundwat', 'classif', 'paleomagnet', 'within', 'issu', 'joint', 'detail', 'seri', 'enhanc', 'orbit', 'number', 'belt', 'radial', 'techniqu', 'marin', 'gravit', 'soil', 'geodynam', 'abstracta', 'ambient', 'correl', 'submarin', 'arc', 'acceler', 'calcul', 'mass', 'basalt', 'term', 'natur', 'influenc', 'full', 'develop', 'rift', 'spectra', 'engin', 'motion', 'mesoscal', 'product', 'phenomenon', 'tidal', 'downhol', 'past', 'transport', 'geochem', 'seaward', 'amount', 'agreement', 'extent', 'strain', 'jet', 'perturb', 'origin', 'precis', 'axial', 'dipol', 'qualiti', 'near', 'zonal', 'cycl', 'key', 'topograph', 'composit', 'upward', 'mani', 'parallel', 'momentum', 'oscil', 'sedimentari', 'great', 'solid', 'major', 'insight', 'mine', 'plausibl', 'respect', 'archaeolog', 'abnorm', 'tradit', 'basal', 'fingerprint', 'determin', 'strike', 'phenomena', 'signific', 'plasmapaus', 'equat', 'line', 'quiet', 'deposit', 'km', 'averag', 'mix', 'salin', 'pore', 'applic', 'element', 'use', 'residu', 'top', 'sound', 'manifest', 'predict', 'ancient', 'group', 'intermitt', 'sheet', 'precursori', 'load', 'similar', 'transit', 'equilibrium', 'futur', 'empir', 'addit', 'basement', 'modern', 'liquid', 'diagnost']",0.6060543735724558,0.6703645583709751
